registered,cnt
72,75
11,15
11,16
3,4
176,302
463,546
142,208
163,173
146,185
265,356
4,6
35,38
12,22
418,449
85,102
76,82
204,214
405,455
359,398
173,195
5,6
12,13
229,271
6,6
174,249
74,77
8,10
343,423
119,171
168,223
97,114
24,24
25,33
176,188
6,7
63,65
653,684
45,45
670,698
3,5
45,50
108,120
104,129
47,52
319,505
50,57
137,151
303,347
180,223
6,6
222,227
47,64
115,133
18,25
244,420
278,428
101,141
68,71
166,195
20,25
13,17
110,153
104,104
10,14
135,180
75,78
124,146
217,260
96,120
12,12
26,28
32,34
223,251
26,28
179,185
36,36
325,363
89,153
506,526
114,132
83,86
144,172
8,10
255,297
478,495
443,461
88,107
234,283
302,311
48,64
68,79
21,31
104,164
111,155
109,112
4,5
1,1
154,199
48,63
642,782
39,46
105,131
123,128
130,160
12,12
136,167
272,351
262,268
59,64
426,506
94,113
221,374
30,37
13,13
409,433
9,11
452,472
263,367
87,89
17,17
124,155
116,122
253,308
40,44
40,45
142,153
210,365
305,334
81,94
725,758
301,327
97,105
282,305
5,5
25,28
39,56
147,215
1,1
92,94
365,452
239,278
462,563
281,331
10,11
310,331
372,591
230,303
227,277
4,5
269,357
2,2
155,203
119,170
101,118
14,16
128,136
16,16
125,189
18,26
9,10
18,19
27,48
119,176
419,649
39,49
37,42
224,359
276,376
299,335
68,74
209,388
166,243
105,157
75,82
5,5
418,429
146,162
563,573
649,709
128,134
288,345
214,335
177,310
7,8
26,28
8,15
123,146
74,86
4,4
1,1
335,500
107,151
233,263
187,190
43,48
8,8
20,25
122,130
124,127
382,546
76,84
22,25
240,271
176,239
483,540
17,22
378,447
271,376
10,11
8,10
524,591
346,365
181,227
577,604
115,119
11,11
269,438
131,186
50,52
166,194
114,144
211,284
79,86
99,167
364,615
265,382
107,112
88,97
222,373
239,257
110,135
350,413
21,22
104,148
89,101
35,35
51,52
53,68
9,16
161,185
262,290
1,1
549,597
126,136
242,321
183,190
191,274
120,153
99,138
23,30
192,327
9,10
7,7
108,119
343,398
27,39
51,51
7,7
171,215
255,272
2,7
206,300
84,94
46,70
219,268
49,56
100,107
137,217
186,312
186,201
480,533
16,18
355,615
186,261
67,79
47,50
95,103
17,21
27,31
193,379
111,142
284,313
359,476
263,363
381,398
114,116
3,3
309,317
163,172
94,104
179,185
143,179
185,235
196,211
175,236
281,299
96,111
114,123
62,75
405,415
490,539
6,7
258,402
733,806
32,46
18,18
14,19
92,154
167,264
20,20
180,220
207,243
179,181
162,226
134,146
121,199
7,12
86,98
56,63
177,184
334,337
885,976
110,121
55,96
273,350
313,372
10,10
84,88
21,25
247,343
13,21
156,220
4,6
21,26
3,5
9,14
19,19
89,117
92,99
16,20
189,229
216,244
4,5
26,30
123,143
207,300
5,5
311,445
129,139
513,563
506,526
64,85
255,271
208,271
143,161
594,674
144,244
513,606
675,693
100,106
185,192
12,14
601,712
187,249
72,94
78,82
11,12
242,406
116,119
19,35
14,14
42,43
217,272
16,17
270,321
80,97
216,300
1,1
85,111
83,95
315,335
144,157
30,52
362,377
48,61
137,232
6,6
98,104
243,247
53,62
32,34
8,10
247,345
78,91
153,178
304,361
3,4
47,50
107,128
161,169
298,466
252,308
109,116
258,432
308,345
414,460
292,307
177,238
516,576
246,426
118,292
4,4
726,815
232,288
279,430
183,233
8,9
196,240
4,5
54,57
75,112
260,382
61,64
259,457
78,78
282,325
125,175
74,75
82,103
261,296
26,26
98,113
71,149
281,286
3,4
129,136
62,80
39,43
49,56
158,200
425,452
77,88
3,3
104,130
94,110
3,4
246,269
114,163
342,522
159,162
9,22
2,2
134,172
22,25
23,27
487,547
9,9
95,131
20,20
268,303
177,196
260,328
26,28
297,368
163,260
474,492
150,188
52,55
822,899
246,333
623,636
142,161
216,226
523,632
63,75
735,814
69,81
112,114
10,12
5,5
6,7
101,137
41,46
20,22
140,157
130,158
298,343
80,118
420,476
129,257
123,126
129,149
392,424
139,176
87,97
20,26
26,26
8,8
187,259
392,422
117,182
148,203
10,11
78,91
97,134
90,111
181,230
449,539
209,242
90,142
415,439
412,520
149,154
9,9
10,10
15,23
369,402
127,151
138,192
88,127
93,133
110,145
79,92
62,69
222,288
39,39
438,480
238,298
139,179
121,160
17,23
267,348
82,96
108,179
82,114
62,67
66,83
1,1
7,10
192,207
193,214
187,239
368,617
130,142
300,325
85,88
6,9
177,198
168,278
472,511
5,8
5,5
16,16
162,229
108,129
201,219
118,201
340,391
48,57
216,247
521,604
114,122
193,289
739,846
35,37
246,273
13,16
5,5
51,65
182,229
81,95
117,146
25,31
43,47
40,50
237,387
40,42
148,160
153,214
11,12
118,131
47,52
168,204
105,145
195,324
14,22
314,340
238,323
219,337
112,128
19,24
74,84
8,13
140,154
154,203
15,15
17,19
256,328
67,69
372,488
8,13
624,679
165,178
751,844
330,360
9,13
220,241
64,81
144,269
4,5
100,128
168,208
253,364
118,175
48,60
175,364
26,26
149,160
209,299
186,211
206,243
259,332
2,2
253,283
516,579
218,267
10,10
406,422
69,79
36,42
4,4
4,4
499,590
217,337
93,96
355,612
20,21
374,416
55,68
11,27
146,177
104,133
50,55
370,589
8,12
152,191
367,446
463,549
6,6
269,285
221,291
769,872
317,362
59,66
57,80
323,442
118,173
21,32
5,5
169,192
287,302
158,244
522,622
391,406
9,9
15,17
77,79
70,110
113,178
5,5
18,37
761,835
53,56
227,254
437,536
502,552
43,56
72,89
404,478
195,228
367,444
55,71
98,138
34,35
86,122
34,46
19,20
231,261
3,3
130,171
156,193
58,70
114,153
120,194
329,400
166,188
21,25
53,62
25,34
568,588
256,502
158,165
300,300
267,336
611,691
3,4
697,792
125,162
139,166
108,122
1,1
384,394
190,220
24,26
12,16
88,145
3,4
180,221
91,145
709,812
66,69
23,24
117,132
218,306
323,394
139,178
190,223
35,39
4,5
154,202
153,175
200,328
223,348
333,344
135,167
204,224
26,32
12,15
183,226
136,184
532,625
10,13
116,124
83,86
72,81
48,53
15,18
30,35
55,57
133,140
1,1
85,96
393,484
103,131
2,2
246,296
26,34
33,40
49,62
149,189
4,4
24,24
106,196
186,235
228,237
20,21
27,32
79,95
9,14
245,317
214,238
85,93
55,62
31,40
6,6
79,84
8,10
110,116
202,261
318,359
161,219
108,133
308,407
51,56
113,154
323,353
299,309
60,72
15,16
23,23
19,29
247,375
276,451
81,106
37,55
702,750
262,457
320,335
2,2
235,378
109,112
115,161
8,8
655,679
150,168
55,57
26,41
110,147
565,632
177,253
56,72
166,181
7,7
234,496
116,147
5,5
15,23
75,78
7,8
90,127
69,75
177,304
110,142
292,336
311,334
396,421
66,70
32,38
4,8
36,47
2,2
25,36
201,256
170,247
92,103
226,389
156,196
290,337
71,84
371,447
257,312
8,14
74,86
14,17
16,23
432,479
421,519
10,12
314,319
146,152
174,205
64,71
186,205
6,8
736,818
100,127
156,223
215,296
67,77
11,13
11,14
2,2
62,68
7,10
102,112
400,421
12,18
11,16
92,96
6,7
337,352
253,459
147,151
501,532
2,3
250,303
162,225
227,326
90,101
10,12
1,2
6,13
130,144
25,27
188,203
18,19
74,87
54,59
80,112
696,723
311,381
6,6
47,49
203,312
25,25
315,523
21,26
278,328
29,32
304,316
5,5
22,32
80,114
233,267
115,150
184,217
5,5
312,423
180,206
399,446
2,2
518,596
274,287
122,137
209,224
197,223
13,24
586,619
130,251
243,268
82,88
3,3
263,273
389,397
369,455
500,519
48,52
28,32
294,338
260,295
23,24
18,26
187,239
479,538
32,50
100,166
35,35
143,201
384,412
5,5
3,3
19,19
137,170
226,346
81,85
351,569
188,195
239,341
6,8
20,36
21,31
4,5
9,9
90,93
7,7
150,153
134,147
1,2
20,20
11,11
204,251
273,340
385,420
207,236
266,294
12,12
108,142
142,196
381,452
6,8
23,29
433,486
5,10
55,74
28,33
299,397
148,191
254,280
9,13
62,64
211,288
182,233
150,157
16,22
331,473
164,245
6,8
293,404
96,122
168,188
589,664
161,169
173,195
22,34
16,17
1,1
113,136
634,654
434,456
79,108
27,31
63,65
2,2
99,118
99,104
386,399
214,341
11,11
10,10
5,5
292,322
1,1
128,168
37,39
261,456
16,19
138,166
24,29
207,227
88,107
192,236
34,44
83,104
320,464
8,9
45,54
96,99
244,259
299,314
423,516
2,2
203,293
33,35
86,123
347,658
185,218
3,3
0,1
54,63
251,343
156,208
453,492
198,248
113,157
156,194
79,103
1,1
17,20
22,27
1,1
2,2
86,94
19,19
155,188
96,125
136,182
240,366
244,285
102,116
64,69
22,31
156,178
339,560
160,195
159,216
234,338
138,180
56,60
184,185
46,46
52,54
168,227
86,87
294,301
386,578
812,887
2,3
149,201
22,23
24,24
265,285
6,6
311,378
2,2
152,171
168,202
61,79
70,100
328,445
368,385
176,258
7,8
7,7
615,721
239,301
200,278
93,155
541,563
180,239
226,240
95,125
314,480
84,94
693,957
27,32
4,4
302,313
20,20
2,2
21,21
147,187
180,219
144,147
195,254
167,208
288,340
21,25
5,6
106,111
18,23
276,280
70,76
135,139
4,6
214,367
300,449
166,178
15,19
31,32
1,1
99,135
228,271
108,123
171,178
14,20
165,174
8,8
41,52
629,648
65,69
49,58
124,160
214,243
67,78
2,2
123,153
119,138
148,192
184,198
744,871
7,9
15,16
187,196
270,276
4,5
561,610
146,232
282,421
133,185
49,58
44,50
8,8
92,113
250,354
206,211
75,103
219,292
429,497
96,143
617,704
143,222
183,230
198,241
426,481
30,30
713,737
444,524
237,301
67,80
437,463
348,362
6,11
584,665
55,81
91,127
15,17
2,2
4,4
22,23
151,152
458,485
295,337
150,222
6,6
99,101
9,10
275,431
4,4
7,8
222,350
483,568
81,93
33,35
13,18
281,472
148,200
27,27
278,455
26,26
168,195
224,235
271,312
79,106
240,276
3,3
131,164
266,282
127,160
198,242
171,238
110,130
89,112
31,39
73,74
71,105
72,109
85,105
3,3
15,17
225,353
4,6
15,16
8,8
5,6
100,119
190,200
136,141
82,85
9,9
128,169
189,194
323,355
11,13
20,23
265,305
147,155
224,290
220,227
249,258
25,26
26,31
14,19
83,183
220,238
8,9
346,435
15,19
238,291
91,94
43,45
407,425
138,275
372,385
95,105
24,26
176,223
15,16
114,126
152,163
13,15
3,3
29,29
5,8
649,682
139,182
55,58
112,147
453,461
161,175
117,159
33,47
8,8
138,173
88,113
151,156
68,71
498,507
6,8
33,37
108,111
223,292
110,146
6,10
150,170
89,128
109,202
320,347
28,29
450,473
62,75
72,74
117,148
209,224
37,49
196,332
3,4
5,11
133,162
6,7
199,264
383,651
226,274
371,415
13,21
45,51
208,271
441,521
6,6
38,39
589,676
14,24
7,9
105,131
91,99
430,441
64,75
19,23
9,9
10,10
145,155
184,408
194,266
43,57
181,255
170,181
59,77
81,102
62,71
351,489
253,346
51,75
12,14
7,8
263,385
251,263
207,216
337,482
57,70
65,75
89,99
5,5
5,5
89,131
225,345
181,216
371,573
136,201
17,18
196,197
3,3
52,61
33,42
128,177
730,760
103,164
2,2
25,26
55,58
228,318
161,196
26,37
579,594
68,73
35,46
378,387
17,19
65,73
56,58
77,82
39,45
85,145
1,3
1,2
46,50
161,187
149,241
4,4
7,7
80,86
8,8
158,159
4,4
4,13
49,49
32,33
43,46
210,245
19,19
45,50
71,84
254,285
96,228
189,238
181,235
211,273
209,225
251,350
672,713
87,92
126,133
294,306
437,457
69,70
244,286
120,146
619,730
5,5
176,195
53,64
49,56
5,5
74,85
380,484
133,173
429,455
189,222
96,138
294,332
220,284
214,298
9,9
129,143
185,238
253,291
323,405
146,223
253,282
110,165
148,148
575,689
74,83
8,8
27,30
49,53
10,10
13,13
16,30
525,608
103,143
581,638
108,157
115,124
9,11
1,1
675,694
166,232
87,93
10,10
142,144
22,29
228,285
14,21
321,379
226,240
1,2
9,16
59,70
5,5
184,192
13,13
1,1
231,260
184,262
52,64
35,36
148,284
59,69
112,113
206,248
173,177
125,171
302,483
123,151
67,85
5,5
70,78
34,34
260,434
95,97
239,368
264,344
225,277
279,385
83,89
225,306
11,21
437,691
64,64
262,285
152,217
225,250
42,66
235,372
242,286
30,30
145,196
186,256
246,290
26,31
125,165
76,109
154,211
91,105
50,55
103,119
6,7
156,178
18,33
182,220
125,136
8,12
2,2
369,445
69,78
366,416
43,46
745,788
49,58
15,15
478,495
3,3
87,115
107,109
227,462
6,6
135,165
24,26
43,55
64,75
276,303
335,386
183,204
381,449
5,6
339,472
219,235
67,83
159,167
80,84
161,222
9,10
113,163
296,308
33,49
474,499
224,278
596,656
8,14
3,3
8,12
71,82
453,492
95,101
99,108
357,536
70,85
343,356
141,162
23,24
37,38
71,84
310,324
3,4
39,54
187,276
340,431
260,281
138,168
125,170
136,169
62,72
51,65
140,173
467,492
62,72
55,59
29,30
139,172
60,80
522,572
297,308
365,526
50,59
26,27
124,148
108,156
348,585
39,45
224,308
116,157
374,414
8,19
2,4
151,214
6,6
20,23
665,747
36,36
67,69
221,294
86,93
195,243
3,3
99,118
810,893
71,84
539,580
192,211
38,41
206,330
24,32
401,619
1,1
127,145
59,69
48,61
152,180
92,171
178,241
99,106
12,15
229,276
13,21
149,218
64,75
59,64
271,310
259,356
6,6
39,46
50,56
11,12
9,9
136,144
187,218
567,576
58,64
178,239
167,268
179,291
111,133
112,139
82,118
446,466
3,5
52,59
719,824
113,148
444,471
127,168
648,732
95,151
699,810
255,356
203,291
52,67
295,479
65,88
148,196
415,499
448,479
188,207
218,238
20,20
130,211
265,276
95,106
201,365
275,452
21,27
4,4
212,246
399,458
6,10
189,200
7,8
123,138
181,423
58,71
3,3
154,169
207,308
14,14
64,73
756,810
178,198
51,54
71,90
145,185
304,336
147,154
314,457
39,57
234,308
76,81
257,281
39,46
3,3
38,48
50,57
15,20
111,129
121,157
169,221
4,4
364,388
172,237
76,85
491,572
404,421
129,178
4,4
66,77
8,9
9,11
367,463
549,571
64,73
45,46
542,627
23,23
76,91
227,376
24,24
254,378
318,456
184,281
60,78
66,70
128,138
102,128
225,271
243,314
166,219
139,190
53,63
126,133
170,200
4,5
17,27
108,115
277,286
121,163
403,471
64,65
19,23
749,785
116,173
18,18
46,48
135,166
105,109
256,359
221,243
684,772
123,159
247,423
262,294
88,113
174,225
57,74
142,220
122,158
265,277
53,69
17,25
6,7
118,129
406,491
10,13
300,513
51,78
55,56
213,324
69,74
1,2
247,268
1,1
101,106
335,508
192,257
290,410
115,138
90,107
283,296
237,242
46,46
262,267
142,162
97,103
43,78
187,191
75,81
10,15
342,557
147,163
10,10
23,23
191,252
242,310
168,321
113,163
5,6
22,23
127,197
3,6
111,153
698,713
502,651
159,234
5,6
68,68
665,678
61,62
111,153
104,118
43,54
730,843
36,38
17,19
297,395
133,155
53,79
6,6
259,293
3,3
154,251
139,185
7,14
76,84
42,49
90,98
14,19
128,196
292,304
213,306
289,308
127,213
248,265
49,52
30,30
511,607
51,54
425,446
346,628
72,82
52,53
94,114
149,212
106,116
38,47
40,42
104,140
5,5
1,1
153,176
11,24
394,473
5,6
340,485
322,679
137,210
100,158
70,76
22,26
400,710
402,478
2,16
82,151
52,60
228,233
2,4
195,221
7,7
161,189
364,391
223,238
79,98
81,111
56,65
95,100
92,153
3,4
584,665
175,390
88,100
1,1
181,219
135,192
74,79
82,87
86,121
3,5
180,226
19,36
6,17
128,140
265,313
19,26
365,651
106,140
529,545
57,63
73,92
226,347
385,470
1,1
108,151
253,292
150,201
25,30
162,216
218,259
9,18
155,195
155,164
64,74
81,93
125,147
92,116
391,441
487,565
187,218
98,145
525,649
39,40
45,46
489,569
172,242
51,64
224,324
142,198
175,203
151,209
6,6
26,26
55,76
119,126
104,129
21,25
207,225
86,99
3,7
22,31
4,8
267,285
5,6
191,302
313,343
107,137
23,23
129,179
18,28
120,147
253,414
238,310
275,460
39,54
68,82
200,269
4,4
8,11
261,319
130,134
1,1
5,5
301,374
105,108
3,5
99,126
76,123
53,59
115,123
378,391
628,678
11,12
249,413
62,63
32,33
301,366
23,30
107,148
1,1
7,8
48,56
75,83
44,46
22,33
9,11
28,29
75,95
2,2
346,354
6,12
147,197
62,89
147,182
45,48
187,244
4,7
175,207
157,204
28,28
228,317
229,339
120,135
163,179
221,245
3,3
232,374
82,89
46,64
8,8
142,175
377,434
7,7
38,54
86,102
18,18
84,116
178,279
598,681
180,263
9,9
184,255
63,73
439,466
3,4
206,300
13,16
371,436
128,162
144,220
28,36
6,6
111,141
39,44
65,74
200,219
262,318
199,209
532,629
165,226
8,10
59,74
8,10
727,770
24,25
120,140
19,22
49,50
85,90
149,159
145,158
218,239
339,374
87,143
38,62
38,45
113,140
245,306
4,4
369,554
73,99
97,121
277,307
45,54
342,531
220,243
139,154
22,27
216,415
21,31
5,6
347,355
97,126
281,289
180,207
59,70
56,60
469,553
176,186
43,109
128,153
7,7
272,472
8,13
105,108
122,153
102,151
137,157
338,385
6,7
8,11
279,326
191,305
112,134
19,21
51,52
66,74
2,2
124,154
46,48
492,516
132,150
160,225
243,501
91,113
168,191
243,400
74,75
11,11
33,52
246,288
177,358
13,14
156,170
17,18
2,2
103,118
46,73
130,152
4,5
128,131
459,546
692,808
344,382
43,53
2,4
9,15
5,5
207,211
43,45
187,366
138,177
240,425
200,221
90,114
201,273
223,273
209,237
121,187
299,454
151,213
205,256
168,228
25,28
42,42
297,317
198,265
96,111
111,173
165,213
10,16
73,77
139,167
361,481
674,705
18,22
258,294
220,269
241,252
288,309
188,212
215,257
9,12
167,254
4,6
14,16
54,93
639,658
313,367
4,4
17,30
335,342
18,21
143,159
1,1
94,100
56,70
400,432
591,618
324,387
2,2
354,366
227,233
65,76
145,221
475,539
13,15
66,107
3,5
3,3
110,144
229,323
93,120
17,27
159,192
317,381
91,127
152,170
127,153
193,198
58,65
177,208
291,452
155,204
299,304
10,11
95,108
92,125
276,381
38,40
179,251
254,405
54,54
1,1
7,7
129,159
110,157
43,55
428,495
24,24
218,250
3,3
217,246
304,531
8,13
189,216
208,457
209,260
54,78
8,11
349,512
226,272
329,363
32,36
223,382
409,427
159,166
31,33
60,69
176,225
375,640
3,3
6,6
20,20
58,66
25,28
9,11
169,184
310,332
2,2
288,583
36,37
198,233
35,48
372,400
14,15
465,478
189,218
157,240
4,5
463,528
233,290
451,475
273,332
62,74
14,15
208,260
1,1
6,7
243,278
175,251
470,506
6,7
271,330
9,16
264,278
229,249
33,53
110,139
13,13
148,195
3,3
14,22
6,6
290,517
11,15
59,64
199,254
83,86
117,154
55,61
274,336
250,363
56,60
84,89
107,111
379,390
104,177
149,192
8,8
97,128
18,23
279,487
180,246
23,23
368,457
242,310
12,13
25,26
255,298
181,195
458,524
243,413
291,414
153,203
21,37
71,88
179,256
33,43
15,20
68,89
585,599
323,487
117,132
263,381
91,102
1,1
95,97
262,281
23,27
260,375
434,565
40,47
139,161
214,373
0,2
29,37
153,203
10,10
46,47
79,107
14,15
199,216
74,75
120,163
259,316
6,9
223,289
807,892
385,411
180,239
6,11
109,120
41,50
64,75
26,33
197,261
757,839
155,286
154,179
87,100
589,627
49,52
3,3
254,384
99,126
2,2
132,148
38,42
127,142
203,272
715,800
36,44
497,508
8,10
303,521
122,145
163,186
267,324
1,1
224,359
90,142
26,27
151,196
81,89
28,37
230,256
13,13
15,16
469,586
205,249
141,168
3,3
245,418
128,152
14,14
471,482
107,161
4,6
48,51
191,252
27,28
183,205
182,213
625,657
107,168
163,178
99,122
127,138
2,3
34,50
45,54
117,186
10,11
517,595
213,251
201,220
5,5
209,300
148,164
289,344
58,60
29,30
18,23
241,267
7,7
221,294
268,452
2,3
8,8
161,341
532,610
2,2
502,535
270,286
233,245
4,6
143,202
348,423
241,274
74,117
4,5
168,203
334,421
10,15
55,67
342,515
22,23
82,108
384,439
14,22
86,103
176,231
134,152
112,151
2,2
361,423
150,375
422,432
28,30
240,328
99,104
50,64
188,224
114,146
13,16
148,170
4,7
53,62
50,70
84,139
444,491
10,13
154,229
227,251
114,150
679,790
567,686
15,17
57,76
115,122
73,101
17,18
508,515
358,467
29,34
218,243
235,347
703,744
180,234
101,110
11,14
144,176
148,179
4,4
233,290
734,812
2,2
3,3
59,68
309,322
70,73
224,285
163,183
4,6
8,8
188,374
203,243
232,244
78,86
19,29
26,27
197,291
369,730
251,343
180,233
202,222
156,230
2,2
20,27
111,134
117,118
77,90
38,49
12,16
2,2
3,4
31,38
11,14
153,202
122,138
126,202
47,60
291,497
19,23
65,87
163,233
401,409
70,73
32,32
87,118
6,6
236,441
429,491
223,338
70,70
12,15
429,580
511,559
351,586
57,74
244,303
99,126
214,363
25,29
111,172
159,178
34,37
2,4
7,10
12,14
98,100
169,383
121,137
275,328
293,373
24,37
125,139
7,7
148,172
141,175
5,8
6,11
37,40
211,226
167,226
253,286
175,212
634,705
34,38
262,290
83,140
340,566
82,113
419,499
334,379
238,296
185,279
228,367
220,287
100,157
239,280
69,72
42,43
609,667
29,33
74,81
80,82
404,678
5,9
153,154
39,45
231,272
111,118
19,32
80,90
4,4
52,53
9,9
29,30
280,289
102,105
24,27
7,7
240,268
79,85
212,353
201,255
12,12
483,579
467,534
186,209
132,170
206,233
40,49
594,684
8,13
26,34
622,646
379,391
64,83
4,6
650,663
11,12
85,94
150,162
86,116
260,297
264,390
656,744
118,132
247,369
74,87
105,127
539,568
165,226
100,117
92,96
28,32
15,19
80,113
27,28
109,112
81,90
178,188
3,4
182,232
120,132
167,245
151,160
34,35
76,79
150,163
127,131
22,31
285,327
21,23
97,113
4,4
153,211
245,308
3,4
327,375
491,507
11,13
322,391
5,5
147,150
87,87
32,32
101,106
662,707
37,42
188,234
6,6
185,289
170,192
207,355
150,166
118,167
7,7
124,156
20,29
88,107
320,382
368,456
59,64
533,557
356,450
1,2
10,10
156,361
103,112
9,9
328,413
252,282
9,17
24,26
493,539
135,145
116,141
198,215
399,458
7,10
245,286
58,60
1,1
29,33
47,61
37,40
87,90
262,358
251,269
58,83
103,149
90,127
89,123
39,44
1,1
462,529
3,4
218,334
83,83
131,167
2,2
361,584
158,179
174,187
232,323
15,17
144,167
153,176
104,114
50,70
346,350
355,644
284,340
329,336
174,200
182,196
155,229
6,6
103,112
122,124
76,101
440,505
10,11
95,136
162,235
7,9
302,333
256,314
58,91
48,55
97,99
78,79
14,15
123,195
85,86
9,13
16,24
138,162
50,68
216,278
142,171
134,158
3,4
484,567
12,16
209,282
141,174
171,218
53,68
742,827
0,3
371,609
41,44
220,282
196,202
524,601
480,506
69,71
170,268
30,35
18,25
4,5
86,109
132,133
92,94
154,214
564,613
2,4
58,62
87,97
84,115
87,92
4,4
227,252
15,16
5,5
109,159
800,835
50,62
131,161
342,659
151,245
12,15
121,135
35,36
7,7
6,7
2,4
158,163
244,250
31,45
183,213
220,239
88,92
97,102
64,92
164,191
15,20
114,159
116,143
122,136
126,171
108,111
16,20
161,255
8,9
122,140
367,396
7,10
28,31
226,269
39,40
1,1
172,290
263,297
12,12
473,507
17,19
134,139
20,27
18,18
91,118
191,254
108,124
8,9
94,106
162,209
161,196
102,117
96,98
189,206
11,17
149,207
3,4
92,113
216,277
19,27
294,320
10,11
106,142
47,52
210,247
43,46
131,139
8,9
563,590
204,283
775,865
296,435
140,193
95,102
203,247
176,250
170,246
240,321
3,3
45,47
116,125
54,73
193,217
279,330
221,248
464,472
320,388
42,52
19,26
16,16
303,317
15,15
81,90
490,522
83,83
221,237
486,538
5,6
423,487
76,98
218,292
118,175
192,289
420,724
4,11
774,794
55,63
29,36
53,61
281,342
308,325
20,21
117,126
27,27
111,112
102,138
291,395
225,284
61,63
207,210
110,122
161,194
206,279
469,518
64,64
159,239
5,5
65,96
107,114
23,27
9,11
174,193
48,61
31,34
15,15
107,109
308,348
330,521
413,430
163,198
153,189
3,3
23,24
14,16
70,90
11,16
2,4
243,351
153,183
237,256
358,460
96,108
24,31
256,383
20,21
4,4
481,502
136,191
7,12
4,4
26,28
125,134
2,2
46,47
92,95
76,82
132,169
313,492
684,777
12,12
50,55
6,8
98,156
59,68
185,304
154,160
169,214
147,184
155,220
150,153
22,26
165,181
180,211
348,387
86,89
207,234
283,366
176,188
288,321
3,4
111,138
248,268
414,466
73,113
229,296
228,284
451,537
148,180
10,16
87,103
144,171
15,24
123,216
4,5
145,239
161,181
31,45
225,349
58,63
105,109
16,20
90,97
562,633
145,310
20,28
145,191
105,161
120,171
7,7
142,151
380,492
303,405
0,1
83,106
22,29
88,90
131,164
36,38
91,92
107,153
109,132
228,414
248,297
225,280
112,137
43,50
23,24
21,22
37,43
23,29
625,646
25,34
58,78
112,129
163,248
374,383
32,42
136,173
1,1
47,47
73,117
145,177
36,50
182,376
592,683
173,211
72,88
75,89
179,244
64,69
250,273
29,36
193,224
187,295
7,10
271,403
10,11
269,389
80,107
16,16
414,491
158,299
549,622
247,249
82,103
22,29
3,3
96,132
129,140
143,176
53,64
78,87
121,133
178,259
29,29
1,2
623,712
757,854
34,35
455,521
30,41
116,181
60,63
11,16
106,122
121,123
13,13
2,2
103,133
12,14
55,57
163,208
744,853
324,386
9,10
124,139
15,19
7,7
133,141
14,15
220,290
47,51
197,359
55,57
11,12
289,356
6,7
34,35
157,203
75,80
104,138
2,5
170,197
48,58
222,250
3,4
120,178
151,230
34,36
9,10
10,11
206,404
155,159
16,31
8,10
81,120
30,38
76,95
372,639
291,317
162,232
24,29
188,211
201,402
87,125
167,238
303,483
189,229
6,6
304,365
36,44
484,540
11,12
195,217
291,377
46,65
571,593
42,43
21,21
442,527
330,481
343,407
144,166
6,6
757,833
167,201
1,1
73,82
205,256
230,378
23,34
33,33
98,110
26,26
146,183
362,496
6,6
109,119
142,253
81,105
215,383
376,559
226,302
57,70
166,220
207,221
164,220
186,262
38,45
19,24
38,40
340,359
64,78
51,60
50,60
127,147
40,42
3,3
103,121
161,230
274,539
94,97
500,556
349,373
204,239
11,11
317,326
165,183
251,282
4,8
59,63
35,37
194,239
96,142
42,48
183,300
291,358
15,18
134,176
586,646
89,152
56,67
48,56
138,182
57,65
202,270
12,12
70,78
410,483
227,278
751,834
330,351
111,123
162,252
88,105
3,3
206,218
152,160
2,5
10,23
30,33
3,13
276,331
324,362
173,268
271,311
3,4
646,741
408,463
6,10
22,29
77,78
142,215
3,3
312,330
134,144
242,323
438,516
5,5
222,292
216,279
187,215
424,452
355,424
80,99
308,404
221,275
306,323
104,108
228,375
43,46
42,46
117,160
11,12
122,141
349,364
324,603
137,169
224,274
308,362
246,443
174,211
182,229
186,207
159,208
106,128
51,54
243,390
183,225
22,28
102,106
209,258
11,12
106,124
45,46
96,120
111,203
171,230
320,410
150,194
253,444
71,71
0,1
7,14
4,6
217,258
6,7
220,265
15,16
335,382
40,41
94,114
6,6
3,3
10,10
15,15
251,291
158,229
153,226
65,81
63,76
184,225
300,381
22,23
270,414
90,94
76,77
29,35
288,331
100,131
72,86
5,6
97,100
33,43
189,224
212,267
417,526
126,170
131,148
296,445
3,4
1,1
271,327
144,148
7,7
213,367
32,40
161,202
7,9
89,90
113,145
317,396
5,5
7,11
170,190
92,111
89,100
76,86
276,497
5,5
386,421
276,286
98,120
6,7
141,143
139,195
196,213
15,15
102,113
88,149
58,64
42,43
17,18
14,15
102,118
20,23
60,64
90,118
116,123
8,11
275,390
121,151
150,158
117,186
35,41
216,220
71,89
151,163
119,132
71,83
203,332
176,207
8,8
4,4
509,607
2,2
218,246
61,68
5,5
222,298
276,288
51,62
10,16
72,84
34,40
158,173
11,20
433,508
22,24
16,16
57,67
134,172
127,133
152,294
340,580
359,373
32,35
109,139
0,1
125,128
95,102
63,75
271,368
296,313
123,129
49,61
94,120
161,190
4,4
549,560
249,274
168,171
284,503
287,360
165,223
7,7
167,236
3,5
19,26
160,168
110,167
525,600
8,8
138,148
103,119
9,10
126,198
543,559
4,4
199,271
316,475
33,38
28,33
10,10
140,188
98,153
312,357
104,106
360,363
83,87
197,315
139,143
22,28
192,284
11,16
577,644
142,166
3,4
106,117
34,43
25,27
6,7
219,320
145,171
414,425
274,313
48,55
136,167
289,501
133,180
176,184
508,539
103,116
117,198
120,157
46,52
31,33
256,280
113,132
87,135
77,102
199,206
12,16
126,167
100,151
134,156
6,8
60,74
32,32
359,377
44,48
134,176
3,3
283,313
224,322
301,408
147,163
131,166
199,226
319,455
188,265
3,4
704,795
46,55
394,421
196,271
66,75
93,125
13,17
35,44
168,172
162,206
551,582
11,12
43,47
2,2
159,184
629,638
17,17
48,55
78,100
45,64
51,83
3,3
108,109
74,97
48,49
255,392
130,189
18,22
27,29
112,142
495,513
297,412
30,31
80,115
6,10
124,182
197,254
154,216
3,3
107,113
30,37
81,102
94,99
725,811
142,145
146,165
267,343
141,178
12,22
196,270
241,280
226,254
391,400
275,282
71,90
92,107
46,59
228,269
81,136
115,157
411,678
264,373
250,329
50,51
198,233
235,322
175,235
231,371
162,167
112,125
188,243
1,2
212,216
73,115
81,137
226,292
38,50
280,300
94,152
312,541
265,331
42,59
12,20
244,287
57,62
335,440
388,415
94,108
381,409
388,410
51,55
196,326
31,36
554,612
44,65
102,120
83,127
159,178
119,126
163,194
857,968
109,123
164,194
130,143
21,21
191,213
166,188
503,595
103,135
143,165
268,380
24,24
170,183
245,336
28,30
7,9
102,111
160,209
9,13
40,43
158,265
227,262
104,112
177,328
99,113
264,441
141,192
105,148
405,578
9,10
194,263
91,142
162,200
39,41
72,74
110,122
3,5
320,470
317,336
265,299
32,39
363,451
37,53
129,189
123,230
218,322
185,230
65,73
0,1
70,86
186,234
177,258
236,307
56,101
132,142
553,590
110,112
354,377
323,384
32,34
239,338
232,383
251,372
263,309
25,32
643,665
272,306
24,24
493,588
94,101
7,11
220,331
44,45
7,7
4,4
237,241
36,47
1,1
29,37
53,66
39,50
55,63
214,262
306,328
173,207
270,281
7,9
259,267
231,346
14,17
575,584
142,219
20,32
164,190
1,4
16,19
70,96
74,95
153,171
118,130
609,653
44,51
140,148
156,192
9,9
126,165
744,845
720,788
218,243
4,21
93,101
208,298
3,3
41,76
3,7
203,234
143,180
379,446
130,210
132,142
23,28
211,252
93,120
140,145
88,125
7,8
156,230
14,20
92,97
190,234
204,256
153,209
8,11
86,88
347,358
91,175
86,86
212,251
73,78
354,443
162,188
192,223
171,189
110,118
220,248
84,84
65,69
145,184
24,27
132,172
136,154
8,9
6,8
115,126
266,330
3,4
649,681
4,4
428,479
333,423
449,482
47,52
225,394
343,576
14,16
3,3
155,256
189,199
2,2
160,223
236,308
5,11
104,147
4,4
4,4
21,25
361,387
88,117
164,182
409,428
661,681
445,524
12,13
453,518
312,511
86,96
172,281
44,50
6,7
351,567
597,697
42,59
89,90
93,116
20,24
115,126
101,108
67,75
183,190
21,23
19,21
2,2
45,54
599,664
35,41
682,719
14,17
332,391
93,176
300,337
302,419
273,419
201,205
51,56
6,14
8,8
6,6
130,150
161,257
480,530
18,20
157,160
288,375
20,24
95,149
154,179
461,504
24,25
65,87
112,178
394,496
215,224
432,476
17,22
319,479
142,195
10,17
103,106
166,205
331,426
8,9
303,319
1,2
116,170
30,37
325,378
9,11
169,232
22,34
38,54
142,154
84,87
168,202
3,3
34,46
560,654
37,42
460,558
72,78
26,34
60,68
201,282
66,80
76,82
75,102
414,423
76,81
191,206
164,207
417,431
540,596
269,303
647,791
37,40
218,282
11,12
3,3
111,119
168,258
9,10
201,233
181,212
284,452
118,162
97,135
71,75
1,1
11,18
458,489
446,460
4,4
2,2
366,659
5,9
178,187
231,266
363,446
67,68
29,31
392,404
116,126
62,66
116,134
120,147
185,202
52,78
121,124
247,522
186,192
17,17
13,15
36,38
219,249
43,50
158,238
121,166
151,189
10,13
17,18
341,569
194,275
15,19
414,420
219,346
436,447
286,336
175,212
245,373
171,215
260,323
4,4
104,115
200,219
113,130
555,608
214,240
5,5
189,290
287,478
78,84
255,299
8,9
175,190
256,260
93,110
134,196
156,204
60,69
224,268
205,291
3,7
184,270
210,217
167,204
172,248
51,54
61,69
288,333
310,444
125,178
16,17
24,24
12,15
127,189
55,79
764,805
48,57
393,405
32,36
230,472
3,3
8,8
20,21
39,39
2,2
247,257
172,228
737,827
262,273
5,5
7,7
273,312
305,327
162,174
111,136
329,582
356,384
781,900
280,296
233,285
30,32
50,50
20,22
108,128
25,28
126,175
36,51
22,24
397,442
36,36
1,1
153,201
73,90
238,411
2,2
32,33
41,48
128,155
151,190
232,306
503,529
99,106
23,34
9,10
558,668
122,125
117,126
13,17
4,4
1,1
139,204
1,2
30,34
407,499
10,20
20,20
139,205
23,41
794,884
357,566
318,342
255,376
100,101
141,153
279,411
77,108
107,115
197,260
41,52
29,33
82,93
129,173
27,30
23,24
2,2
36,43
70,71
1,1
122,133
270,327
30,33
106,109
6,9
30,31
136,184
180,275
205,233
4,4
261,383
176,237
40,40
165,204
33,34
386,409
277,461
11,11
3,5
27,27
8,10
408,644
3,3
389,415
37,37
27,32
117,172
75,106
136,138
359,381
9,17
253,312
270,287
300,374
37,42
116,133
362,388
298,319
50,55
12,18
222,244
427,680
57,65
130,155
24,39
66,79
443,470
155,264
726,757
365,473
42,47
209,309
159,192
244,282
86,130
54,75
7,8
2,2
50,55
77,85
34,36
56,73
138,152
3,5
3,3
8,9
8,33
110,184
4,6
90,110
36,39
100,136
79,137
66,100
15,18
4,6
141,268
296,439
220,316
21,22
287,295
143,232
170,213
345,351
24,27
283,299
4,4
201,371
71,88
158,187
203,232
6,6
64,95
204,235
5,5
139,139
815,884
62,65
59,62
7,11
146,189
133,176
173,243
3,3
48,67
12,18
321,339
5,5
110,111
40,46
3,3
206,285
106,139
26,30
169,190
145,214
160,212
26,27
4,6
642,706
64,69
28,31
95,127
82,106
9,9
151,193
158,191
288,328
297,363
3,3
7,7
198,272
71,72
2,3
126,145
27,28
85,102
41,41
228,313
183,229
201,208
169,201
429,465
230,358
320,385
269,277
6,13
84,103
617,683
373,638
170,232
102,109
2,2
79,86
34,55
4,4
77,112
5,6
474,566
225,325
177,179
135,149
199,205
252,257
24,25
213,284
397,410
84,88
163,232
327,376
35,38
281,451
266,299
81,91
9,9
107,149
242,316
134,158
30,30
267,331
115,128
13,13
241,327
102,130
278,356
269,281
132,156
144,152
353,395
54,56
461,482
33,34
194,251
288,358
256,267
48,64
2,3
265,326
19,19
453,532
140,202
5,5
71,79
88,98
17,17
108,111
279,306
13,14
564,583
152,155
101,106
273,279
213,357
9,13
213,320
143,222
86,88
2,4
27,28
2,2
9,13
353,559
178,189
46,46
305,311
92,93
455,512
435,670
158,181
133,160
6,6
182,233
238,288
74,86
10,18
483,514
221,225
3,4
56,58
167,173
121,153
28,44
18,27
113,153
531,552
96,140
203,293
94,101
178,192
155,235
289,417
96,106
98,153
275,327
382,473
4,4
301,346
181,233
76,80
7,7
236,271
223,300
169,356
30,43
137,204
204,263
8,10
135,177
206,237
309,499
111,165
9,10
152,206
296,459
153,207
247,405
25,35
66,68
93,113
28,40
238,318
11,14
123,128
52,57
90,92
46,49
175,181
59,80
119,204
93,124
271,282
51,63
465,486
294,337
310,329
6,6
136,165
387,396
116,157
189,302
199,247
231,246
181,215
226,296
12,16
32,32
95,98
79,93
218,249
3,3
228,239
4,4
26,31
332,482
112,150
134,151
320,378
245,407
105,109
168,210
17,17
115,142
51,56
473,686
284,377
18,21
29,35
43,46
16,21
451,463
478,546
86,115
5,5
308,340
197,213
244,314
533,627
29,32
147,163
333,374
339,396
94,96
273,284
75,80
301,509
417,528
43,43
19,19
170,203
396,466
162,192
247,302
194,201
32,35
16,28
222,274
69,82
78,93
292,331
146,153
7,13
22,39
155,177
169,203
25,26
111,124
341,512
50,59
22,28
198,227
279,382
19,20
21,22
105,149
78,84
112,131
190,275
106,129
5,8
222,225
586,617
9,10
352,404
127,135
144,151
143,226
76,87
78,152
30,46
140,283
23,26
175,263
21,25
202,343
380,575
89,113
332,431
308,541
128,170
167,222
206,243
122,183
29,35
214,308
210,382
51,59
55,62
256,339
171,178
68,68
123,136
146,171
291,506
87,91
188,249
113,143
20,20
222,363
2,3
216,224
6,11
158,183
52,55
42,51
115,144
111,114
165,202
5,5
193,205
66,80
68,74
8,11
62,63
218,225
111,117
154,155
48,71
44,59
9,10
62,65
26,28
95,184
467,555
166,227
20,24
287,425
19,21
24,30
1,2
8,10
180,216
185,207
530,585
77,93
8,8
221,310
11,21
243,504
68,126
180,319
27,28
162,167
198,255
211,377
276,329
24,26
2,2
240,285
338,690
9,11
2,2
20,21
229,246
87,92
283,354
13,18
58,63
14,35
145,200
1,1
98,123
9,11
51,91
157,165
78,113
115,134
245,351
3,4
114,124
109,113
79,83
5,5
33,42
71,89
181,418
31,38
265,278
337,555
267,276
14,16
176,239
118,151
255,293
6,6
9,11
252,339
22,22
36,43
79,108
109,116
148,164
152,292
161,176
48,53
224,404
179,270
293,321
253,462
15,15
24,24
164,218
316,337
41,41
388,454
119,124
477,495
93,99
114,182
16,20
1,3
15,16
305,335
19,21
6,7
168,170
29,38
132,165
63,70
1,1
23,32
316,323
239,295
314,337
2,2
41,54
11,11
164,184
234,319
156,201
337,398
79,108
268,336
2,2
202,204
203,255
580,641
157,193
10,10
362,417
20,21
411,423
103,127
217,233
21,22
8,9
125,148
33,40
120,190
9,10
147,174
112,133
60,66
71,102
241,262
176,380
298,352
170,240
126,178
210,243
3,3
4,4
268,345
60,66
8,12
104,108
150,174
18,24
52,62
122,166
226,390
1,1
30,35
25,28
16,18
496,594
226,240
5,5
5,5
310,391
168,271
378,385
400,679
112,112
224,392
203,280
252,309
16,23
2,2
3,5
28,29
185,208
16,30
73,79
114,177
128,156
121,142
162,196
745,862
64,125
188,210
126,274
18,21
86,95
25,43
148,168
365,409
122,181
412,463
63,69
252,270
202,369
252,299
166,187
92,118
87,120
15,17
369,467
176,240
377,408
141,153
73,81
8,13
228,294
351,368
16,19
17,17
3,3
347,587
13,13
152,190
42,46
178,230
21,26
144,162
70,73
13,13
176,202
224,432
54,59
187,259
365,434
249,325
242,260
5,8
8,8
176,237
282,437
7,7
6,6
31,37
124,158
216,387
126,131
507,550
104,116
1,2
15,25
2,2
8,8
161,198
232,360
7,8
64,89
670,699
233,291
7,8
209,251
155,170
8,8
3,3
184,233
8,8
101,117
4,5
33,51
156,222
70,97
121,126
156,165
132,140
67,93
87,92
31,33
381,389
468,487
127,133
449,459
81,87
14,17
289,466
127,185
152,161
9,9
62,96
417,428
21,25
94,104
171,242
224,230
14,20
4,7
670,688
243,428
2,3
180,196
4,7
255,315
50,54
786,891
25,36
9,11
116,159
91,122
19,21
105,142
122,205
170,221
63,65
395,416
21,23
132,190
63,102
110,154
156,202
245,282
154,194
48,55
22,23
313,325
512,570
124,149
229,432
80,80
132,163
152,260
193,255
397,426
92,123
89,116
293,323
132,148
104,108
174,206
161,170
292,343
13,16
10,15
228,268
197,219
64,74
312,328
408,419
275,370
156,217
140,167
100,101
256,437
397,458
47,55
122,151
134,163
114,123
79,94
175,235
539,551
112,143
253,444
19,26
48,67
56,61
231,314
105,137
118,124
716,785
224,279
129,171
475,543
203,244
77,84
106,123
55,65
39,59
218,265
4,5
370,382
232,278
4,4
46,55
56,67
6,6
26,50
2,2
1,1
188,218
1,1
514,534
181,247
23,30
219,245
8,8
6,6
5,8
647,749
34,40
2,2
305,355
3,5
4,4
1,1
114,148
350,370
199,273
236,292
455,466
72,111
182,229
156,161
138,180
34,38
170,190
132,224
3,3
146,176
6,7
208,250
659,692
1,1
6,6
220,226
2,2
252,298
116,154
56,69
36,36
67,78
178,218
119,129
88,93
81,99
376,387
183,274
494,509
169,177
52,64
0,1
110,135
69,69
176,199
127,150
20,20
129,227
231,291
119,138
2,2
319,453
129,150
252,578
7,8
270,420
30,32
4,4
474,489
117,129
96,104
168,203
251,288
53,57
20,22
4,5
5,6
45,72
115,163
41,42
218,298
60,71
409,456
161,250
47,50
234,329
114,128
145,155
1,3
10,18
15,17
348,435
145,170
4,4
270,346
185,237
25,26
160,189
368,565
156,225
24,25
16,19
349,416
11,13
192,322
59,62
126,135
306,332
30,34
3,3
7,7
214,263
465,537
178,197
244,255
4,4
131,153
260,337
175,194
316,562
4,4
73,89
170,203
168,233
7,7
3,3
119,121
204,240
27,29
156,172
7,21
320,370
54,57
255,306
36,38
153,244
230,270
273,304
29,44
43,47
27,31
70,73
43,50
141,150
36,39
14,21
128,168
135,208
64,71
218,271
59,79
166,276
115,119
22,24
86,102
149,224
129,178
289,357
367,398
694,711
261,283
122,184
21,23
52,65
876,963
177,244
23,26
99,102
161,195
369,479
128,134
8,11
190,249
4,4
3,4
206,235
8,23
202,234
171,219
5,6
207,245
52,81
125,135
279,312
211,223
244,345
70,74
61,65
4,4
7,9
156,208
195,237
6,7
11,20
6,6
98,99
200,240
115,127
262,302
38,40
5,5
202,304
741,849
184,250
290,538
78,80
37,50
151,181
98,102
140,159
99,117
147,193
189,210
458,482
50,59
158,192
153,252
188,194
2,2
95,220
94,120
75,111
78,98
25,25
42,54
438,464
116,137
152,213
268,314
11,11
205,266
94,134
492,562
84,99
4,5
111,126
27,27
129,177
41,44
196,264
26,34
96,166
219,228
56,59
33,38
340,396
193,418
3,3
314,551
84,89
252,361
152,205
155,170
54,63
18,27
11,11
121,133
540,594
3,6
148,158
1,1
130,181
36,38
162,195
140,181
45,57
5,5
779,817
297,346
221,366
70,87
489,528
208,253
59,63
7,8
67,93
54,56
151,172
95,123
280,297
251,305
22,24
118,154
31,39
174,190
111,153
35,36
98,123
73,93
13,16
53,56
125,177
170,198
43,44
174,178
8,10
351,435
108,119
95,111
37,44
66,94
32,47
241,251
7,10
263,332
381,412
8,10
12,14
16,16
324,433
247,263
124,131
99,99
193,305
272,324
111,199
55,64
5,7
53,56
4,4
141,180
374,421
2,3
4,6
161,212
268,443
7,7
86,98
709,820
154,207
79,101
162,168
120,138
235,253
232,272
330,494
202,290
97,102
189,236
103,135
408,684
280,313
277,341
4,7
237,371
9,9
68,76
95,147
119,133
70,87
50,67
176,246
22,26
239,254
125,152
204,279
200,248
423,601
3,6
766,888
79,79
94,147
226,231
93,111
348,368
2,2
393,405
115,118
9,12
20,28
131,194
95,99
3,3
148,154
59,62
68,69
5,7
209,373
467,552
9,10
214,217
2,2
68,80
151,174
277,323
49,52
196,221
337,404
223,248
184,234
181,224
102,118
505,568
1,1
7,13
235,392
151,176
26,28
43,49
171,193
167,361
5,7
4,11
182,199
1,7
118,131
31,31
49,62
471,497
27,29
114,159
22,22
87,88
207,241
189,212
278,287
193,228
55,69
144,181
53,72
95,95
12,12
40,54
177,261
170,197
55,56
157,183
57,63
20,25
37,49
5,5
25,29
180,273
229,331
3,3
51,66
8,10
62,63
49,76
288,318
271,306
125,139
151,214
1,3
6,8
127,140
254,330
13,16
98,98
20,21
102,133
118,174
157,209
93,108
168,228
135,152
183,261
199,294
56,62
273,492
6,6
696,745
8,8
13,14
208,322
242,302
2,2
190,224
509,570
1,1
12,13
215,325
48,60
286,365
131,152
368,384
758,797
159,242
168,185
190,359
104,127
16,17
220,388
68,96
7,11
170,224
305,364
238,299
107,131
96,130
66,92
151,154
7,7
154,241
257,495
84,102
97,110
279,404
90,120
245,367
185,327
72,90
241,369
43,60
72,72
81,90
5,5
222,226
29,41
2,3
43,58
288,322
103,116
222,228
230,547
0,1
6,7
473,498
175,266
65,87
92,118
280,461
633,673
41,47
8,14
81,119
1,3
179,190
6,6
393,418
234,267
412,457
226,328
311,551
123,134
115,137
66,68
155,190
534,550
33,50
153,231
3,4
26,28
6,6
82,88
123,134
247,332
10,13
82,88
157,225
83,94
22,26
159,188
143,149
333,372
9,12
136,160
242,255
67,88
256,307
151,211
399,425
6,6
396,441
210,287
251,274
59,61
225,258
109,110
332,341
8,25
232,270
229,364
325,360
75,79
53,60
48,91
350,474
216,282
65,74
320,417
61,79
36,55
286,334
263,480
24,35
328,346
243,421
288,314
133,142
5,7
30,32
318,346
90,125
45,61
576,624
15,17
135,159
5,6
178,201
114,153
127,147
9,9
10,12
244,435
19,21
126,145
157,207
228,349
147,159
28,39
100,128
76,103
112,124
230,305
77,80
205,219
53,60
52,64
229,298
4,4
58,59
95,124
121,149
175,263
41,41
436,468
75,77
377,388
1,2
108,111
209,221
172,223
5,5
20,31
152,156
174,240
162,169
37,37
44,45
7,8
312,420
1,1
238,416
173,191
3,4
2,3
96,99
36,37
222,301
19,20
115,115
258,270
210,241
4,6
5,8
126,153
128,182
432,455
329,413
378,409
228,253
173,206
248,367
173,243
427,442
2,2
236,286
26,26
226,397
4,4
6,6
51,65
117,120
228,292
452,473
377,417
305,389
169,181
1,2
137,164
165,206
74,93
1,4
259,268
377,408
261,353
160,219
292,302
89,106
4,5
123,131
86,146
119,173
10,11
165,217
105,107
200,260
255,318
2,3
746,779
106,131
7,7
9,9
720,751
184,214
22,28
5,5
4,6
385,453
331,351
332,527
22,25
29,33
35,38
61,64
384,402
132,181
4,4
230,451
456,524
10,11
169,223
4,4
17,17
129,188
5,5
291,522
130,153
250,285
509,591
142,151
305,626
307,489
17,18
80,81
7,9
50,53
7,8
82,97
188,225
176,190
4,4
97,100
116,142
128,146
316,343
101,104
38,43
19,21
58,66
145,197
73,98
4,4
235,332
283,416
82,97
161,226
36,39
170,217
20,20
572,596
758,784
192,232
262,407
209,221
124,132
203,234
179,182
267,406
295,308
140,170
455,514
216,354
46,51
4,5
122,162
80,93
128,190
498,512
147,184
268,456
677,822
5,5
156,185
19,20
210,235
119,141
16,21
43,53
366,642
2,2
289,358
166,260
211,232
83,98
59,64
36,47
1,2
317,449
14,14
811,925
234,353
289,308
4,5
71,72
377,404
11,13
19,20
293,299
227,296
168,177
85,96
168,239
52,65
215,288
397,468
37,55
284,300
49,51
428,483
247,280
5,5
70,81
256,389
138,162
47,52
141,183
2,2
22,28
18,19
527,589
179,258
0,1
523,631
2,3
71,85
26,28
43,50
449,474
174,297
662,743
202,333
419,494
41,54
11,14
168,253
171,211
139,190
165,185
246,304
258,320
80,95
7,7
12,12
53,69
105,118
14,18
134,142
249,357
9,10
81,85
17,17
414,514
719,804
224,385
172,236
364,443
252,474
117,145
92,167
155,181
53,63
4,4
60,68
774,886
77,106
358,440
27,31
25,47
373,491
158,161
434,444
10,13
96,238
260,313
47,49
6,7
103,111
127,175
8,8
176,213
183,303
8,8
3,5
646,659
107,112
14,16
169,226
55,84
4,5
3,3
10,12
301,335
349,357
7,7
124,135
8,8
179,221
14,15
124,170
146,148
105,108
42,45
361,466
89,92
30,34
87,91
16,17
34,37
16,19
170,217
366,579
127,151
79,94
5,6
296,499
159,169
176,244
87,88
189,210
6,6
69,81
94,96
415,647
106,109
22,24
114,161
55,64
114,151
13,15
182,184
24,27
6,7
193,244
108,125
95,114
298,410
213,293
85,89
48,48
2,2
83,94
16,28
112,141
32,32
124,138
198,307
151,183
161,165
156,197
129,139
147,149
39,40
17,17
812,886
14,15
371,467
160,182
15,15
187,216
511,555
149,164
47,94
90,92
155,180
205,281
350,463
18,41
28,28
4,4
46,54
1,2
260,404
7,12
64,64
330,491
465,529
155,168
7,8
333,394
173,229
5,5
127,184
88,94
40,41
38,45
145,147
63,66
105,183
193,317
5,7
121,251
698,823
20,33
235,283
700,721
15,18
37,46
97,121
1,3
27,29
105,118
204,245
25,25
130,175
53,65
9,11
130,145
3,4
45,53
16,20
229,270
4,5
130,137
126,145
203,317
324,342
60,87
149,213
57,57
207,278
1,1
3,3
124,135
127,167
101,113
43,48
139,149
486,522
44,46
428,486
34,35
110,147
161,223
196,244
175,229
386,417
100,146
81,150
62,68
218,236
273,351
385,441
75,84
266,483
210,240
3,3
42,47
31,39
61,63
47,50
29,31
4,4
38,41
62,76
204,229
140,174
209,238
137,171
205,236
37,52
139,172
218,220
564,671
276,381
2,4
272,285
780,808
102,102
343,397
338,363
256,285
3,6
7,9
5,6
144,154
68,85
106,164
41,53
9,13
719,822
70,90
178,275
170,349
23,37
32,40
360,424
1,3
245,535
26,51
46,56
32,37
111,157
56,88
132,166
312,403
6,6
91,124
386,402
12,12
5,5
7,7
393,653
14,17
5,7
227,294
72,75
29,38
4,7
8,8
564,652
254,326
10,11
500,584
714,734
6,6
669,755
83,87
208,309
280,479
128,171
31,35
170,222
154,203
7,16
403,434
6,6
13,13
30,43
147,152
6,10
625,681
155,188
116,116
82,99
286,328
389,434
783,913
715,766
201,228
17,21
331,349
703,740
21,24
711,783
102,116
7,8
118,126
231,274
1,2
326,490
484,569
383,410
55,68
132,153
400,414
242,305
109,136
125,182
4,4
14,16
558,677
78,87
143,158
48,56
346,360
370,624
121,149
278,280
225,270
4,4
115,152
232,300
118,185
362,461
6,7
237,332
460,527
148,156
154,172
886,977
3,3
34,39
51,54
403,410
95,108
211,241
352,392
15,17
15,16
417,449
13,14
1,1
23,23
5,6
15,17
145,195
5,5
270,455
222,296
220,267
57,59
196,329
330,355
116,126
194,223
67,78
246,253
264,352
554,645
141,181
162,227
228,303
142,171
160,214
98,137
2,2
308,341
2,3
211,216
136,144
51,52
629,705
67,76
97,144
193,200
291,314
108,145
207,211
210,228
4,5
14,17
29,38
202,281
156,159
50,68
78,99
221,331
186,280
242,272
283,300
358,411
96,113
617,632
31,35
109,349
361,390
32,38
59,66
114,157
30,30
127,135
399,470
8,15
155,176
84,98
49,63
116,120
134,149
28,32
128,143
194,207
22,33
160,189
176,222
68,115
4,5
55,64
374,396
349,593
73,98
136,165
11,16
4,5
272,281
174,287
18,18
11,12
17,24
670,775
11,20
115,144
89,105
380,488
329,532
99,129
7,9
39,39
256,332
28,40
756,839
197,217
4,4
143,153
158,207
94,196
140,178
219,266
54,59
9,11
135,210
6,7
136,190
208,252
114,140
3,4
5,5
688,812
332,356
282,449
88,132
120,127
68,96
533,623
5,6
22,27
681,767
51,52
16,20
378,387
47,54
93,100
7,7
157,184
30,32
52,64
6,7
169,183
411,418
68,75
215,298
583,601
665,801
183,281
42,44
382,408
26,35
225,258
6,6
334,358
70,93
142,183
21,34
1,1
417,505
11,11
58,61
7,7
2,2
2,2
257,564
118,129
7,7
10,10
267,272
95,103
261,327
254,375
19,21
141,153
32,42
178,209
22,24
154,210
252,360
5,8
85,106
133,264
3,3
9,10
123,201
367,584
97,111
110,121
38,52
8,11
7,12
604,646
59,76
107,117
175,181
36,36
349,354
449,511
91,125
122,139
28,30
197,283
127,199
67,73
349,516
749,846
316,511
83,83
190,220
164,207
315,372
21,28
155,238
24,27
9,9
63,78
160,195
178,349
89,95
92,110
68,74
139,162
28,38
131,140
6,8
113,178
329,359
186,228
191,247
128,133
173,266
137,162
9,12
185,269
92,135
93,168
205,282
25,26
243,313
531,547
46,67
355,371
459,468
14,14
157,222
22,24
26,28
2,2
588,634
61,61
87,105
181,258
19,21
264,337
109,146
17,20
189,201
219,237
191,311
139,176
30,33
248,257
257,354
19,27
74,99
121,170
24,27
170,229
16,18
100,119
45,48
43,48
42,60
102,110
315,571
128,135
478,547
46,49
159,168
651,677
35,36
22,27
74,142
147,154
124,158
2,2
5,5
38,49
2,2
148,212
6,8
83,86
131,143
8,10
134,279
1,1
103,156
11,12
137,188
5,6
139,143
203,236
579,596
201,270
94,98
101,119
143,195
59,71
222,240
185,236
809,898
197,345
68,68
162,247
114,127
7,9
93,162
329,398
290,460
143,157
154,191
6,11
8,9
726,786
144,167
134,201
363,375
272,335
178,221
8,12
1,2
38,42
490,540
131,150
305,315
7,9
8,10
202,317
13,25
157,235
104,107
150,212
165,177
192,226
31,33
199,248
31,35
7,13
23,24
27,27
169,238
208,358
31,35
70,123
359,585
270,404
206,282
10,12
49,56
28,34
484,578
22,38
39,43
31,40
40,42
90,93
104,107
76,92
95,143
48,66
243,455
194,234
237,301
31,34
112,142
314,479
152,236
217,277
18,18
126,131
162,174
107,129
2,3
646,759
20,20
245,259
4,6
161,171
5,6
19,22
29,35
167,220
253,450
14,16
149,189
3,6
21,24
24,27
615,621
156,188
131,144
360,414
207,280
21,28
214,237
165,203
105,116
367,531
119,124
254,320
191,222
5,5
159,225
191,217
243,294
1,1
425,456
84,114
82,84
86,95
238,363
198,212
137,175
49,63
89,110
210,265
366,691
7,7
415,428
69,75
324,349
108,122
11,16
356,371
101,112
7,10
394,492
87,114
48,69
4,8
93,114
473,545
92,147
88,98
32,41
1,2
410,635
17,19
601,729
299,498
79,87
374,549
53,66
28,31
101,106
252,258
11,11
42,45
5,8
23,24
8,10
116,141
222,294
220,402
356,536
81,108
97,100
32,46
154,165
185,207
46,61
343,349
175,200
115,157
473,701
396,429
338,350
299,482
343,354
97,124
40,41
191,203
132,181
137,154
31,33
271,290
269,327
82,129
2,2
345,410
112,121
153,166
205,268
249,416
11,11
2,2
187,211
220,269
152,190
14,16
104,119
34,36
562,640
2,2
280,292
67,100
126,130
104,121
3,3
80,89
45,53
277,336
697,794
61,79
2,2
233,318
280,308
17,19
138,181
262,371
140,151
86,94
187,264
13,26
361,384
857,948
272,393
128,185
77,112
41,52
49,49
116,134
54,57
658,730
1,1
505,525
11,12
114,167
207,284
146,170
30,30
118,122
241,334
103,105
199,219
113,119
18,33
308,366
112,119
171,217
64,75
460,688
5,5
24,26
8,9
67,89
137,160
148,157
143,170
45,55
247,302
12,15
53,56
342,571
181,198
232,433
342,493
423,452
155,218
202,218
120,166
129,162
197,218
137,149
130,170
326,384
106,128
112,128
90,105
154,193
43,47
5,6
294,442
284,325
53,55
274,406
201,208
165,210
62,63
9,9
33,48
188,248
174,239
193,209
28,32
390,585
107,115
2,2
20,23
208,238
141,177
664,705
71,85
253,275
29,36
663,700
27,40
42,54
119,124
284,299
255,276
132,136
86,91
599,611
37,38
13,17
77,86
63,64
121,127
82,96
95,128
112,118
6,15
107,116
2,2
166,172
313,380
130,187
254,399
72,88
20,27
181,281
8,11
5,11
53,72
302,308
18,18
83,96
308,339
80,95
223,284
3,3
149,182
103,115
17,17
3,5
455,495
171,178
42,51
4,5
405,702
24,39
489,500
709,785
85,90
177,182
399,410
227,253
18,18
88,110
228,270
112,145
320,331
502,521
142,172
287,315
9,10
146,180
268,567
193,283
2,8
162,165
46,48
63,69
7,13
514,530
139,168
344,445
59,62
504,558
523,546
277,444
34,35
293,440
106,107
228,241
461,567
39,44
71,85
4,4
279,463
4,4
390,637
192,306
23,33
114,118
147,192
85,95
80,82
1,2
43,56
9,12
746,856
3,5
11,12
73,93
409,591
7,13
24,25
1,1
253,302
116,124
25,27
237,352
26,26
90,108
25,26
258,332
151,186
490,564
16,18
1,5
495,565
236,369
55,66
386,509
284,309
150,328
302,328
159,184
660,713
4,5
2,3
165,204
320,394
108,119
350,546
244,303
451,525
67,70
435,523
266,407
33,35
117,171
76,84
202,235
11,12
598,699
159,197
2,4
310,355
64,93
20,20
159,184
18,25
131,206
5,5
258,420
12,18
8,8
44,53
123,148
157,189
160,203
16,30
94,103
1,1
5,8
1,1
43,47
289,334
78,78
27,45
7,8
212,215
141,148
85,123
388,654
22,23
186,232
56,61
152,185
48,59
277,318
134,176
176,205
36,46
180,246
153,217
640,744
106,130
97,117
177,202
124,166
4,4
19,20
153,173
312,520
124,166
158,225
604,638
189,197
4,6
196,272
148,161
163,237
155,208
2,2
9,9
131,198
43,59
669,723
38,39
479,490
63,73
5,5
127,153
38,41
61,72
767,838
58,58
78,107
53,56
58,61
137,225
83,129
552,640
136,183
6,7
321,361
5,8
240,254
167,207
49,51
22,23
4,4
59,68
4,5
256,264
182,291
8,10
142,164
92,92
257,274
239,297
156,201
137,147
54,58
31,37
216,313
258,451
35,41
11,11
177,264
336,489
77,139
73,87
66,88
174,201
33,34
433,500
224,361
378,385
10,10
164,176
171,204
187,204
120,169
102,145
11,11
209,245
258,442
86,121
162,205
27,32
158,163
6,9
3,3
6,9
130,139
10,11
2,2
13,15
10,11
6,10
596,653
4,8
3,4
450,496
248,402
803,834
170,203
54,86
190,217
122,124
127,159
64,96
89,117
6,6
77,85
23,29
7,9
337,381
46,49
14,15
1,1
5,7
367,385
12,14
184,188
65,95
142,145
156,208
447,722
9,10
83,104
95,101
3,5
259,294
205,303
101,110
115,123
4,4
243,290
188,276
473,538
23,23
141,267
7,8
107,108
4,4
52,79
467,533
40,50
280,343
39,47
2,2
374,432
315,324
179,218
102,108
240,374
325,351
95,115
3,3
227,239
195,254
174,182
258,299
101,129
19,21
141,147
130,151
243,382
9,16
296,304
206,320
276,291
203,220
346,539
39,42
45,61
90,99
103,174
181,225
80,108
255,446
248,276
231,257
399,627
81,83
195,228
255,396
130,183
176,179
125,155
244,427
402,472
6,9
72,101
241,298
249,369
119,177
149,165
53,69
7,7
3,3
741,808
9,15
421,686
339,492
45,45
311,316
292,338
21,25
439,514
142,192
212,240
142,162
142,169
10,13
249,256
44,51
247,395
112,122
235,289
99,112
44,48
285,335
219,248
212,357
139,168
6,6
167,185
6,7
605,634
410,438
83,127
24,24
55,61
209,221
7,11
157,223
5,6
40,46
2,3
71,77
398,453
2,4
4,4
66,90
78,84
1,2
11,11
421,442
233,261
57,59
24,24
30,42
14,16
90,113
222,292
111,120
3,3
2,2
90,140
117,144
120,122
75,87
21,25
156,190
84,111
11,13
309,398
10,14
138,172
137,169
1,1
7,11
34,44
382,614
90,122
40,44
318,321
248,339
189,263
3,3
133,158
240,343
401,626
214,334
302,371
125,183
177,216
6,8
67,69
22,23
10,13
11,16
9,9
161,181
7,9
139,179
380,385
110,147
254,258
256,327
168,351
11,11
9,12
29,40
162,227
6,6
76,90
94,106
97,97
303,318
52,80
59,66
64,72
100,117
12,15
598,613
226,256
72,79
138,191
432,470
312,332
312,336
129,169
166,235
77,96
20,22
8,9
10,10
10,17
62,64
46,53
32,35
199,224
95,107
30,36
227,272
28,32
78,98
238,397
96,123
26,29
9,14
34,37
228,270
328,373
102,115
3,12
397,452
373,436
5,6
449,464
29,37
5,5
3,3
34,46
55,90
29,29
4,4
462,483
116,137
4,4
216,331
153,206
1,1
1,1
127,204
134,151
194,241
34,37
10,11
2,2
316,391
230,282
187,195
70,77
135,179
8,10
240,276
36,39
7,7
144,216
41,60
47,48
9,12
226,278
23,24
83,85
70,74
149,174
124,202
19,24
163,261
54,62
6,6
115,120
216,274
173,193
148,205
26,32
50,58
33,34
20,27
69,90
300,389
148,174
10,10
78,81
137,139
260,389
519,621
338,564
150,169
6,7
143,193
9,11
313,367
418,447
189,221
168,194
265,272
126,204
19,23
223,370
9,14
132,155
118,129
642,682
53,63
8,8
204,206
73,78
404,474
215,292
117,170
151,152
2,2
491,682
347,403
114,148
244,307
36,43
91,96
248,288
136,159
278,428
347,382
271,287
7,12
99,130
140,181
10,10
522,529
18,18
7,7
201,264
10,13
209,258
275,468
169,220
82,91
453,686
473,533
381,396
310,366
337,425
10,12
125,185
331,361
193,228
105,109
19,23
782,857
90,98
8,14
75,78
97,125
24,25
241,428
265,379
144,196
102,114
110,150
85,118
39,43
2,2
68,100
192,314
12,19
32,41
1,4
183,215
16,20
103,119
73,90
273,439
700,743
218,342
44,52
143,241
101,119
212,277
33,34
104,134
170,218
69,94
238,394
239,362
98,143
292,352
53,68
137,160
172,250
10,10
317,513
11,11
176,355
101,122
387,404
288,375
69,74
269,570
20,25
47,49
216,219
284,320
18,21
35,54
514,550
33,46
183,322
60,65
3,3
7,15
6,8
99,115
31,33
169,207
95,107
51,64
1,1
116,135
5,6
231,270
11,14
495,508
52,66
8,14
271,462
3,4
41,52
191,245
121,160
415,454
4,4
30,33
197,220
5,8
124,221
1,2
139,183
182,191
115,129
404,560
223,233
172,188
25,26
38,46
393,407
115,120
88,150
166,212
388,469
12,14
23,25
198,239
81,86
72,76
58,66
0,1
7,7
38,39
457,526
99,156
132,136
69,84
107,109
176,240
223,394
79,87
65,82
236,367
12,12
54,60
173,421
52,56
22,25
418,668
6,7
146,168
71,89
64,64
205,261
198,225
18,21
54,64
77,129
91,113
7,7
120,132
155,218
4,7
55,68
56,62
229,314
2,2
6,7
136,165
150,182
214,280
216,233
84,104
19,23
271,326
3,3
68,69
212,215
9,18
33,48
76,95
327,393
102,128
279,292
30,43
189,274
257,268
150,175
7,8
109,124
497,542
219,384
5,9
155,208
7,7
79,88
260,391
151,187
64,86
27,28
359,414
166,172
33,41
241,340
159,207
4,5
49,70
88,106
354,575
459,524
83,115
526,776
130,164
302,358
492,513
198,246
26,29
414,464
26,36
133,182
244,372
255,277
345,359
253,283
2,3
192,294
499,573
23,25
298,502
187,231
316,323
206,220
128,135
11,15
121,154
463,527
139,161
77,98
53,63
85,90
144,185
4,5
372,406
192,225
527,579
36,48
105,113
23,26
9,11
5,12
214,299
14,15
57,59
191,216
649,665
172,232
26,30
91,95
71,71
472,539
104,116
484,565
206,260
175,254
41,53
357,412
158,175
349,357
1,2
127,181
189,219
15,20
19,23
244,495
37,56
1,2
83,86
250,270
230,341
219,241
40,50
60,64
245,273
167,194
155,204
408,612
115,134
7,7
24,36
54,64
345,452
3,3
154,160
149,207
12,12
241,287
201,317
103,145
62,67
163,195
243,332
201,234
215,390
17,17
39,49
21,27
20,23
13,19
22,30
103,140
143,166
147,149
184,293
697,730
230,325
22,26
50,66
101,109
8,8
70,79
64,78
276,407
4,4
18,31
129,137
299,325
227,465
107,139
28,32
546,563
152,194
104,126
62,89
192,201
271,451
68,72
34,39
189,213
288,492
3,3
430,469
203,228
207,322
5,5
22,22
44,51
355,427
95,118
68,79
7,8
471,513
69,75
168,216
495,569
5,5
188,238
18,25
360,616
79,87
215,373
16,16
74,93
26,30
453,487
28,31
352,536
398,406
20,28
501,551
4,9
244,255
71,92
78,85
138,198
72,99
284,340
252,377
350,359
194,216
13,13
18,22
12,12
5,5
132,140
324,552
219,230
37,48
110,179
2,2
138,162
1,1
49,49
5,5
176,228
778,869
697,835
77,119
2,2
184,207
22,23
94,107
84,115
69,71
114,151
219,300
76,90
208,213
222,347
22,22
29,35
210,306
1,2
78,87
422,451
75,76
6,7
116,124
194,274
63,71
471,502
14,14
381,414
43,45
28,29
537,553
83,107
159,175
97,127
121,160
355,409
44,48
329,502
377,704
337,397
2,3
348,534
217,266
9,10
788,890
96,112
190,217
4,5
109,129
481,634
61,64
453,480
163,212
448,513
570,590
3,6
175,199
207,274
151,180
159,182
18,21
2,2
34,37
68,87
4,5
178,226
89,105
98,114
71,98
104,116
38,41
48,49
6,6
140,144
26,26
3,3
48,62
297,545
131,178
169,173
61,69
5,8
245,282
191,229
457,539
64,78
253,409
117,140
256,364
227,234
62,75
336,362
15,16
113,136
48,53
177,238
259,268
153,229
149,212
41,104
2,3
52,58
228,242
59,62
30,31
551,600
307,543
188,260
199,357
216,304
787,884
32,41
26,31
257,299
212,313
123,202
133,167
96,97
164,180
207,299
85,97
263,266
30,34
3,3
22,26
75,93
260,278
132,174
99,122
365,543
9,12
7,8
426,440
186,253
57,70
24,24
109,121
200,211
150,199
150,172
472,557
199,234
337,591
3,5
2,2
238,267
202,270
66,87
189,207
8,11
282,440
72,72
19,23
277,404
791,856
119,124
64,68
62,80
112,142
48,51
101,105
71,75
89,95
5,5
71,96
254,299
34,38
455,469
11,24
301,329
265,299
4,4
106,137
86,92
141,145
14,17
34,46
223,420
192,290
218,272
224,272
43,53
335,376
83,112
326,509
122,147
127,132
186,224
3,3
155,220
225,230
353,566
17,34
229,240
79,143
780,863
54,56
75,84
175,255
6,6
55,60
8,10
7,10
187,276
242,293
141,190
75,98
161,225
328,471
353,387
156,269
265,342
6,6
5,6
166,219
140,270
34,38
41,54
445,513
9,9
757,894
377,425
44,86
341,539
393,446
8,8
146,214
411,446
87,89
326,334
6,9
320,365
227,260
91,122
39,70
169,211
160,196
73,78
100,128
97,129
4,4
69,73
213,257
515,590
180,217
231,343
41,60
97,128
362,378
696,728
89,92
85,101
155,163
160,257
115,175
12,14
344,430
220,269
128,161
375,406
5,6
69,91
126,185
155,197
195,205
97,116
188,207
14,18
92,139
264,268
289,305
25,27
202,230
393,412
221,223
233,377
124,193
126,187
3,4
24,25
61,79
154,233
306,318
98,110
2,6
188,225
314,469
104,212
274,283
351,355
320,393
70,72
420,594
103,141
184,230
53,59
241,288
350,416
7,13
4,4
196,334
72,80
317,494
4,5
148,186
143,163
168,229
75,92
4,5
165,196
61,87
58,65
7,7
21,24
142,174
430,536
81,110
194,210
178,187
161,246
39,47
6,6
261,268
140,154
152,202
192,302
4,4
2,2
7,10
95,106
4,4
27,33
404,438
175,186
49,54
157,164
2,3
688,782
4,5
25,32
80,93
170,218
9,9
101,117
266,286
376,427
4,4
76,101
4,4
17,25
187,287
415,456
73,76
31,40
18,20
3,3
14,17
33,44
19,19
120,159
91,102
258,317
127,183
357,547
150,166
92,113
172,282
168,219
368,507
358,381
14,17
114,152
12,18
47,67
148,203
19,24
232,380
83,111
157,249
146,147
31,33
275,311
298,331
545,597
109,131
26,28
434,707
15,20
233,269
4,4
170,205
171,182
69,106
164,223
1,1
399,405
614,676
24,31
225,236
496,582
59,72
410,492
376,446
426,480
118,198
160,205
83,89
83,105
37,40
205,243
357,460
64,77
5,5
10,13
260,319
117,159
64,88
184,301
57,78
92,92
21,21
313,354
117,120
170,175
224,292
96,112
133,174
4,4
389,647
209,284
166,195
124,133
98,125
360,509
92,108
135,174
68,73
102,125
10,11
384,462
746,796
185,247
83,117
37,54
15,17
275,306
76,84
62,82
244,373
26,26
185,218
35,35
3,3
48,55
25,28
82,87
165,209
40,66
34,35
46,82
87,94
15,22
105,110
222,250
52,60
6,9
421,425
229,238
195,269
40,43
93,95
177,185
62,72
286,299
164,169
93,93
127,165
299,353
22,24
684,723
192,194
143,171
362,448
204,267
29,30
240,297
220,276
6,8
29,31
147,313
272,405
52,70
342,427
527,614
22,53
8,9
818,905
106,250
168,170
2,2
225,283
10,17
233,284
260,328
12,14
169,196
47,58
7,8
36,40
737,759
270,590
13,13
141,233
15,18
35,36
24,39
31,35
428,453
81,96
107,133
9,10
13,13
10,11
202,344
111,164
313,362
90,98
8,8
111,156
46,121
16,16
95,113
388,647
17,31
211,222
330,393
321,590
332,374
210,250
226,291
7,8
56,66
32,37
4,6
176,279
15,15
31,32
130,136
51,55
642,671
160,210
397,466
60,75
8,11
76,78
41,45
161,226
14,14
339,354
127,155
150,173
156,205
101,107
114,120
224,366
234,423
15,18
193,306
27,28
242,354
146,175
307,524
8,8
200,210
9,10
3,3
104,116
13,13
20,20
203,331
33,46
39,45
265,312
131,176
65,74
99,101
197,217
6,6
198,229
358,460
94,101
5,5
328,348
465,498
197,272
706,837
191,274
6,7
24,28
245,281
1,4
13,19
157,195
199,234
444,468
207,237
72,82
89,93
13,14
56,64
170,237
40,50
23,26
19,24
3,3
161,251
184,286
66,83
129,140
17,20
8,10
237,271
37,38
162,174
41,59
8,13
153,171
120,152
11,12
23,33
62,72
97,116
179,248
9,9
240,292
415,443
135,172
98,157
186,222
64,67
2,2
12,12
9,9
375,386
137,154
102,111
345,353
540,569
65,70
7,8
195,256
54,62
27,27
15,22
208,263
5,5
158,174
172,309
150,163
726,831
260,298
63,71
253,398
105,130
5,15
220,266
238,273
273,309
135,145
104,109
212,351
239,341
125,168
34,45
42,51
128,134
159,216
7,9
157,189
65,103
8,14
24,32
1,1
7,8
4,6
139,162
242,253
111,127
398,432
351,373
146,181
133,140
17,18
66,96
478,514
18,20
12,17
223,428
18,19
14,17
136,163
186,197
67,87
14,17
240,299
3,3
5,5
39,46
402,596
55,61
628,692
108,118
111,164
2,2
58,70
419,706
461,522
3,3
6,6
54,59
4,4
162,187
202,228
85,111
252,360
131,189
36,42
716,818
10,16
150,180
158,164
43,45
232,374
74,89
60,76
469,483
184,242
88,96
172,208
140,150
63,66
11,12
340,419
117,124
106,112
110,137
223,227
124,186
4,6
6,6
153,168
537,602
78,130
63,69
28,47
85,109
22,22
5,10
146,155
121,165
161,209
230,242
43,54
65,71
88,147
182,240
247,264
190,205
243,280
483,655
6,7
4,4
66,124
2,2
262,326
166,217
49,59
259,286
147,161
29,32
34,50
174,194
93,171
443,750
40,40
186,220
40,45
118,204
171,289
16,22
325,380
50,76
302,319
115,119
104,114
6,11
314,347
152,156
184,192
44,62
374,397
225,300
10,10
760,847
118,212
6,7
308,386
94,132
271,493
101,120
663,748
82,106
269,315
40,44
45,47
20,26
3,3
53,56
19,25
149,176
145,182
187,274
292,400
54,83
96,101
250,273
116,148
227,315
167,198
14,17
272,471
134,190
806,839
7,8
3,3
111,163
113,117
220,261
57,77
530,596
164,191
172,176
147,201
63,71
211,230
33,35
103,108
95,119
112,115
391,423
102,135
3,3
44,62
91,110
11,11
135,182
93,118
279,432
105,129
64,70
151,185
559,580
169,216
5,6
520,537
9,9
324,436
390,715
213,223
79,122
206,285
4,6
4,4
218,268
105,135
106,113
16,16
23,29
8,9
260,316
66,78
145,262
7,8
8,18
90,94
115,141
33,34
52,61
240,436
57,66
198,205
35,41
64,94
36,39
183,233
99,105
530,542
123,141
159,217
171,224
241,360
284,291
77,148
346,457
266,296
5,5
5,5
4,4
668,693
74,103
3,5
251,308
121,153
3,3
26,26
5,7
255,401
1,1
15,16
618,661
237,321
16,21
166,187
34,36
255,432
64,87
48,53
746,790
234,273
593,654
69,81
207,215
181,248
456,520
274,309
8,11
31,48
615,649
44,47
226,253
11,13
58,60
319,347
19,25
96,120
154,172
79,83
119,171
141,223
153,288
77,97
36,36
326,397
36,36
42,48
680,710
692,817
163,275
32,32
40,41
28,35
340,349
263,342
4,4
16,17
2,4
224,257
273,279
184,206
51,69
130,182
81,182
163,217
11,11
34,36
82,108
216,408
256,274
388,452
119,123
417,430
2,2
331,413
181,237
7,16
214,290
404,654
100,112
283,328
325,469
4,6
86,107
298,326
173,275
9,11
13,13
578,605
81,93
6,10
83,95
139,144
203,263
278,296
103,106
1,1
221,280
96,113
27,27
67,71
12,13
104,136
162,173
76,79
27,27
362,428
109,112
5,6
431,489
2,2
67,86
22,27
132,137
219,361
18,23
95,110
236,332
111,150
348,383
173,220
126,157
140,157
3,7
23,33
2,2
139,187
144,156
101,182
270,281
486,551
63,80
232,306
268,366
253,259
270,277
15,22
403,711
117,121
156,163
100,184
305,343
16,16
680,729
89,91
2,5
7,9
6,8
379,453
82,94
7,10
185,300
581,595
53,56
514,527
242,321
287,400
147,167
2,3
3,3
14,15
122,177
67,97
255,365
316,530
203,276
143,154
30,30
372,411
239,370
197,219
209,214
217,239
121,133
62,72
65,75
84,93
222,275
77,82
190,248
2,3
135,167
21,24
124,141
93,138
1,3
399,547
83,90
73,74
12,14
262,344
42,46
152,212
7,14
78,89
92,109
151,199
270,287
43,47
23,28
472,495
30,37
53,57
8,10
73,92
358,615
200,213
164,265
83,106
544,564
12,12
27,34
106,182
179,214
120,165
169,173
3,4
5,8
84,90
109,127
138,176
402,431
144,225
39,57
413,417
182,268
45,54
200,223
328,441
102,111
120,129
26,44
5,6
743,843
165,168
184,266
203,275
113,137
162,181
205,313
4,5
61,73
20,23
106,126
262,417
16,17
308,494
2,9
86,99
329,353
20,23
358,425
3,7
274,280
172,179
289,293
3,5
161,247
27,29
142,179
154,194
101,147
104,135
284,489
169,217
24,29
1,1
271,430
2,3
17,18
333,340
4,4
32,36
145,174
50,55
11,11
112,147
120,173
242,259
363,544
34,34
284,481
108,122
194,293
298,551
212,442
139,144
19,20
256,300
10,11
84,119
664,691
349,372
194,210
426,496
166,194
130,133
150,189
17,21
10,11
515,540
100,107
871,938
21,28
89,99
6,6
152,183
59,104
73,133
110,119
31,32
1,1
155,189
135,184
257,372
96,134
41,48
63,79
130,172
112,162
116,122
316,421
29,39
245,272
74,83
3,4
66,70
43,51
260,399
112,162
299,439
46,47
638,734
1,2
14,14
116,129
56,64
149,231
447,448
154,190
144,187
256,325
230,314
89,107
139,169
160,175
44,44
501,517
11,13
297,308
68,77
99,110
15,23
124,179
203,308
103,149
197,213
20,23
312,343
2,4
134,153
218,225
138,145
60,73
361,374
29,29
204,210
5,13
30,37
147,182
60,68
5,10
279,367
352,543
6,6
159,201
23,32
250,289
91,95
16,20
21,24
19,19
272,440
230,493
99,108
77,86
91,111
5,6
51,86
15,20
52,56
337,425
102,123
54,94
45,54
407,464
75,99
193,300
10,10
111,143
360,635
8,13
322,422
22,23
136,156
134,158
201,234
259,298
54,74
8,14
111,134
21,28
474,680
479,551
3,3
83,92
488,499
16,16
478,503
99,129
46,57
123,184
65,92
88,91
26,26
251,262
35,45
188,255
563,579
109,129
4,6
368,379
4,4
315,370
33,45
73,85
381,386
121,126
86,100
165,229
7,9
331,517
69,93
144,169
163,172
11,12
189,208
199,259
667,769
198,206
5,5
126,134
180,192
5,6
138,145
152,156
162,187
79,86
248,264
27,34
150,272
65,70
47,52
85,131
142,185
93,144
22,28
218,274
231,347
60,75
325,370
38,49
95,119
707,808
332,361
82,91
72,77
21,32
178,222
4,4
151,178
108,125
111,125
148,157
4,9
64,66
100,108
463,481
264,304
13,17
22,23
4,5
34,35
383,626
94,103
86,121
103,105
355,568
160,194
43,50
674,781
68,98
116,177
469,482
19,20
182,185
7,9
77,83
92,95
124,154
47,48
75,90
51,75
2,2
129,141
177,274
133,205
1,1
201,215
538,557
88,104
176,292
85,104
28,31
155,184
108,120
1,1
248,267
41,58
128,209
466,550
111,118
281,329
546,558
57,68
84,97
23,43
37,40
628,654
229,403
13,17
77,95
19,20
358,649
244,321
177,199
4,4
82,106
228,254
332,344
461,504
276,371
86,98
348,606
29,37
30,47
133,137
12,12
39,55
246,421
5,6
3,3
20,20
523,532
94,116
156,191
639,687
1,1
137,169
296,301
25,27
53,53
11,12
199,220
98,137
70,78
65,73
181,189
221,263
92,102
188,287
80,87
20,21
198,246
33,33
343,637
182,233
445,494
147,169
167,209
119,147
183,257
11,11
21,31
119,142
398,453
59,77
4,5
398,435
230,281
253,297
172,376
236,260
486,530
332,362
2,3
228,283
24,26
9,10
31,39
6,6
142,164
40,45
135,151
162,171
247,271
381,406
80,89
148,157
79,114
445,702
42,59
130,133
9,10
18,21
4,4
83,85
388,425
46,55
217,271
152,162
339,449
323,466
4,5
79,97
31,39
37,48
5,5
170,187
464,555
361,380
153,238
361,399
22,22
85,87
317,328
14,16
7,7
212,267
255,265
121,134
59,75
325,413
221,232
260,310
234,274
1,1
88,94
527,607
13,13
361,593
31,36
262,296
162,173
118,125
144,175
368,556
347,404
264,410
506,556
76,83
412,433
203,383
252,518
188,276
67,71
491,556
49,55
25,31
38,38
5,6
133,156
488,585
218,228
311,444
294,459
7,8
114,117
555,638
16,21
28,32
16,16
32,34
97,172
200,245
287,300
323,358
24,26
626,704
180,225
88,107
103,117
21,34
141,172
30,42
3,3
8,8
313,330
67,71
39,42
162,178
15,17
14,16
175,192
144,150
486,502
13,14
36,45
175,238
224,296
248,276
222,343
668,680
80,106
42,44
53,55
539,556
76,86
79,91
126,134
291,306
186,238
30,45
38,40
92,100
5,5
38,48
137,144
233,244
232,380
94,101
197,202
4,4
115,142
139,261
263,290
148,175
3,3
3,4
29,32
113,129
9,24
84,103
222,476
380,428
6,6
114,129
5,11
52,63
116,136
436,703
17,28
104,165
7,10
165,211
347,614
236,282
56,65
150,188
300,315
250,363
15,15
5,5
190,207
6,7
24,33
35,36
108,111
115,139
163,189
108,116
190,383
102,141
80,88
91,114
127,226
50,55
45,50
228,498
198,257
3,3
49,55
155,156
131,179
181,208
289,350
153,191
412,425
125,138
17,24
99,104
27,27
186,231
23,41
10,12
293,373
107,181
5,7
36,41
69,74
7,8
267,325
171,227
45,72
353,367
174,224
144,232
28,33
105,124
316,363
242,329
9,10
120,147
133,142
122,169
544,561
377,455
378,425
107,144
350,417
52,62
98,103
305,361
14,14
15,18
1,1
223,299
65,89
137,244
1,1
215,274
551,576
338,357
8,11
31,42
411,463
138,145
449,497
222,231
129,138
287,416
9,14
21,21
19,21
233,365
6,11
79,101
104,107
68,78
695,812
82,92
540,592
561,669
3,5
334,413
1,1
49,62
55,59
108,113
328,355
12,15
162,165
75,91
2,2
254,316
201,278
532,611
63,68
108,112
55,90
73,77
356,598
3,7
159,310
270,320
14,14
184,224
87,119
122,143
9,9
211,242
319,359
241,272
13,13
373,424
2,2
394,402
49,56
326,355
743,868
34,36
2,3
767,877
61,72
142,160
73,75
197,214
95,99
151,168
80,82
119,121
3,5
23,24
231,350
198,259
247,261
16,19
508,582
150,217
157,166
333,374
35,37
39,41
1,1
128,141
230,293
131,139
97,99
155,219
250,324
158,179
9,11
838,922
18,23
18,21
28,30
1,1
47,54
241,272
40,46
745,839
241,277
76,78
16,17
111,115
71,101
12,21
146,163
74,85
28,31
33,43
222,290
3,3
214,233
197,279
14,20
7,9
22,25
238,268
34,42
156,173
231,291
49,79
144,312
131,146
134,200
468,503
11,12
5,5
304,390
7,16
143,188
4,4
5,7
99,105
130,150
170,253
47,57
404,612
37,41
99,125
209,290
6,6
281,503
126,129
165,189
141,144
15,21
186,209
192,222
149,166
213,254
413,481
59,84
87,87
27,39
36,44
3,3
25,26
104,159
198,199
152,189
81,86
19,23
148,211
22,22
155,376
30,32
135,158
33,33
66,72
195,235
102,132
67,88
113,120
97,122
163,188
241,252
21,25
4,4
35,37
14,17
330,490
19,22
80,99
137,190
140,157
72,79
139,175
33,42
9,11
19,22
202,228
111,129
23,33
235,243
245,305
302,392
150,157
117,130
47,69
219,393
342,577
768,848
426,454
245,283
137,187
217,385
168,207
56,77
362,584
297,367
100,111
207,272
11,13
136,161
19,20
112,146
183,222
112,123
434,486
449,457
477,497
390,461
274,514
99,133
23,38
163,224
294,330
6,9
342,505
429,479
40,47
174,218
4,4
126,167
148,160
16,24
495,502
128,136
22,24
16,16
126,144
191,225
211,256
45,57
294,306
379,399
8,8
194,236
116,134
16,23
229,246
122,135
13,20
78,106
23,26
372,380
307,424
488,617
121,161
231,268
177,237
106,114
354,641
170,197
59,61
2,2
191,208
22,27
118,130
35,37
192,234
347,627
159,198
39,39
112,176
16,17
72,91
82,87
41,55
313,344
166,183
125,174
484,572
197,276
290,487
57,61
61,80
471,530
19,22
2,2
192,338
12,12
175,252
115,143
166,215
6,6
5,6
417,568
103,119
2,2
27,31
82,108
223,233
237,285
307,334
6,7
53,72
199,307
6,6
186,302
98,105
15,16
5,6
185,314
245,442
75,97
240,264
88,105
209,221
164,184
2,2
98,105
397,410
178,205
174,188
18,21
489,559
711,738
112,144
30,34
78,101
7,11
542,614
75,98
172,269
333,371
304,327
100,106
4,5
34,34
190,220
127,138
598,662
27,29
156,234
232,276
13,18
77,101
6,8
146,211
5,5
53,69
69,75
53,54
282,299
338,346
207,222
5,5
67,88
72,89
107,118
38,55
6,9
168,226
309,480
81,86
11,12
112,118
127,147
241,245
641,710
257,345
132,179
67,67
19,19
406,455
49,55
351,395
171,186
84,116
194,245
45,46
233,302
75,104
115,120
31,31
2,2
215,424
170,178
366,394
163,206
25,39
241,249
117,129
2,2
113,145
215,233
189,272
24,39
246,301
8,8
2,2
427,598
330,401
6,7
637,668
188,287
177,215
10,13
31,31
197,226
299,339
133,281
47,58
548,671
33,43
102,114
492,571
214,224
278,501
18,23
41,42
30,35
298,307
839,943
424,686
39,53
49,49
209,257
5,6
211,316
79,87
258,292
39,56
3,3
118,132
259,268
335,406
323,371
221,264
35,38
510,757
233,287
266,315
11,11
1,1
27,32
292,308
13,19
57,62
152,158
11,20
230,291
103,114
141,171
29,32
127,301
457,482
93,102
102,107
186,204
409,426
95,102
335,389
178,260
146,215
99,114
384,487
3,3
145,184
4,6
91,101
346,365
130,159
334,522
50,68
90,97
75,96
38,49
1,1
344,414
298,328
327,491
289,346
42,45
241,306
173,281
58,76
120,121
115,149
172,249
78,95
151,225
217,235
209,251
50,59
2,2
594,622
151,174
110,158
138,146
94,104
120,129
115,164
396,423
5,16
301,314
278,401
26,31
136,230
195,236
24,27
160,265
245,273
88,130
63,70
114,126
10,14
41,66
732,809
67,70
107,108
94,119
52,53
104,243
8,8
29,41
187,253
244,390
118,161
23,32
372,704
802,970
334,459
39,42
4,6
248,295
127,196
20,21
120,182
461,476
47,52
10,12
296,385
119,142
9,10
300,369
100,126
234,275
127,223
252,271
183,308
180,248
10,14
19,20
147,167
386,479
163,177
42,53
317,362
8,8
543,618
35,41
113,128
311,344
201,254
54,58
10,11
32,36
71,96
493,556
218,296
169,292
14,14
9,12
173,255
195,435
23,28
238,239
140,144
328,474
517,527
68,69
126,147
107,118
200,214
44,45
5,6
174,180
66,70
100,121
4,11
311,331
37,47
513,584
101,172
432,445
27,29
232,241
47,47
21,25
128,134
31,32
94,108
246,274
14,15
5,5
170,305
9,11
1,3
8,10
93,103
285,318
177,194
65,80
12,13
57,62
156,188
68,77
292,512
178,206
258,356
125,217
49,50
366,412
38,38
303,356
26,27
6,10
8,14
529,612
24,26
39,39
219,414
223,324
224,229
16,17
244,252
135,159
6,6
128,134
115,151
214,258
152,190
117,163
3,3
179,182
173,201
681,801
23,36
652,662
486,582
472,586
12,15
615,662
70,102
52,52
201,267
3,4
75,84
137,173
18,18
76,82
148,295
168,209
1,2
170,211
100,108
52,52
4,6
3,3
70,93
133,146
243,318
5,9
111,116
402,481
15,20
44,46
144,198
39,42
177,228
65,71
504,515
257,282
10,10
2,2
222,267
84,141
267,284
20,20
79,92
104,124
397,428
207,242
199,224
197,250
19,25
212,239
116,183
58,104
18,24
226,231
112,135
8,8
151,251
662,743
764,850
279,300
141,194
133,146
147,158
25,25
127,174
145,189
5,5
230,361
451,505
270,330
117,149
52,62
209,234
65,76
21,21
138,145
369,375
3,5
2,2
86,90
124,144
6,7
78,85
268,322
186,322
60,62
281,302
1,1
171,225
35,36
378,427
55,74
483,505
206,233
140,193
15,16
6,6
8,14
4,5
25,28
17,22
60,70
223,317
6,7
514,526
164,220
144,152
163,214
118,150
156,189
61,77
619,667
20,21
53,78
231,300
35,51
62,104
149,181
162,190
138,160
418,488
21,41
369,431
14,19
194,205
10,10
134,162
32,32
221,292
158,181
146,259
131,172
18,19
6,7
256,377
144,184
26,26
795,858
82,105
310,414
10,10
437,456
293,343
350,371
25,29
124,130
4,5
10,12
26,33
484,501
100,101
282,407
104,136
14,14
72,83
242,350
209,239
142,169
9,13
228,288
17,22
371,493
58,74
382,403
65,71
4,4
349,369
169,219
274,355
25,38
342,368
274,506
32,43
4,6
218,232
66,89
281,313
171,202
27,38
33,34
307,468
253,380
183,247
43,45
86,102
64,73
81,86
119,153
135,158
103,207
32,47
14,19
139,173
274,293
185,261
570,669
453,493
156,186
126,135
11,12
145,201
3,3
2,2
119,123
256,263
47,52
61,87
262,308
35,43
149,190
189,224
11,16
275,511
91,95
46,46
242,323
25,28
245,416
488,516
10,10
331,609
67,95
120,156
30,32
620,703
126,186
12,12
157,204
70,79
106,108
210,243
99,141
6,10
5,10
6,7
57,62
128,187
216,266
134,170
442,467
249,262
247,367
62,82
19,20
122,130
188,218
228,380
108,140
100,112
284,312
217,248
30,56
73,93
147,216
5,5
33,33
146,231
242,351
210,276
638,687
18,26
1,1
54,54
276,463
150,176
18,29
135,154
104,104
123,157
134,158
90,102
447,474
391,479
26,45
1,2
4,5
114,135
770,813
5,5
19,20
57,68
102,109
235,389
262,379
201,321
104,110
98,127
142,263
83,130
441,714
16,16
84,95
44,45
240,289
6,6
287,298
493,507
170,209
225,257
180,214
255,308
141,165
179,267
364,453
85,108
1,2
266,319
8,8
235,251
29,33
8,10
2,2
51,68
31,49
148,207
33,36
72,79
4,6
456,712
103,133
4,4
163,167
60,82
159,212
15,18
1,1
182,203
4,4
95,103
323,382
248,335
8,8
73,106
96,122
133,185
86,117
4,6
301,330
196,249
6,6
80,111
214,235
19,31
101,145
11,12
28,28
4,5
234,334
212,285
203,224
136,308
113,126
117,163
150,169
3,5
330,605
67,72
11,15
12,12
376,711
7,10
419,502
139,154
104,117
180,209
536,562
101,132
3,3
204,213
49,53
111,151
179,236
312,495
35,38
11,19
102,124
248,338
138,148
697,819
178,211
51,58
35,36
178,235
246,285
2,2
47,51
744,784
84,100
157,208
11,13
11,11
310,367
188,295
51,63
137,168
11,16
9,15
95,98
389,466
335,531
45,48
20,24
54,61
269,389
175,224
40,44
215,392
20,30
298,378
252,313
251,323
8,13
50,59
3,5
35,65
88,89
31,31
45,51
102,121
147,175
19,25
191,285
4,4
19,26
354,402
8,17
15,15
262,382
15,17
86,104
152,218
0,1
6,7
346,596
627,779
532,604
82,101
6,6
106,122
168,185
470,483
156,218
15,15
30,37
64,66
128,137
19,30
192,277
148,191
2,5
103,127
90,106
183,197
109,115
155,202
18,18
126,137
19,19
295,491
232,271
257,305
88,111
34,36
80,81
593,830
158,213
21,21
173,206
93,135
145,155
668,700
454,694
114,156
74,107
73,76
448,750
81,86
1,1
181,214
225,235
9,10
138,208
513,530
6,6
44,51
151,185
196,263
176,194
381,492
105,116
123,145
175,209
270,413
4,5
208,259
356,406
3,3
258,463
26,31
205,218
5,6
8,11
310,513
202,222
194,276
35,40
130,168
63,81
260,408
29,40
241,291
73,75
91,94
321,338
6,10
258,297
191,386
223,338
619,691
147,297
150,178
299,381
81,88
63,69
632,710
187,219
37,38
8,11
69,74
105,117
5,5
119,124
516,586
10,14
1,1
425,499
16,16
194,272
243,291
12,13
5,7
44,45
136,251
23,26
375,503
2,2
145,147
8,11
63,72
3,4
218,311
116,149
162,184
74,83
48,51
100,121
121,126
319,433
110,119
23,33
346,370
56,64
373,421
742,900
557,644
87,91
17,25
53,77
239,268
5,5
110,123
69,84
735,812
111,117
119,152
247,470
188,254
116,136
16,17
9,12
245,322
9,13
288,321
285,369
1,1
4,5
144,226
355,372
78,105
188,197
68,69
92,148
185,190
237,297
150,163
1,1
30,39
62,74
195,256
74,78
162,179
6,7
4,7
97,141
141,175
246,288
1,1
179,231
118,191
82,105
23,24
6,6
100,115
200,211
99,120
25,26
135,140
274,298
13,13
192,270
2,2
48,62
187,210
121,123
170,237
371,484
295,457
30,33
2,3
52,114
369,376
198,340
79,134
7,11
341,401
4,6
11,14
273,296
92,103
105,124
283,333
9,9
171,229
285,322
268,298
758,853
79,91
157,231
655,761
85,162
416,492
301,347
184,311
284,432
55,79
28,28
139,205
97,100
1,1
488,582
90,123
258,462
191,284
318,402
38,75
188,343
331,387
234,304
164,248
8,8
16,23
5,5
404,668
79,83
88,88
28,28
86,93
6,7
53,54
44,44
227,274
5,5
2,5
7,7
60,61
576,723
213,228
387,399
723,832
8,10
163,211
43,44
58,94
224,270
74,84
366,436
183,237
518,559
3,3
11,12
253,352
7,7
258,385
137,161
54,69
129,188
25,36
188,209
180,218
38,65
81,99
4,5
116,201
286,306
48,51
5,11
205,314
223,248
234,352
49,49
3,3
367,381
4,4
118,159
310,540
275,283
110,114
24,28
48,52
46,71
73,80
53,75
3,3
327,446
43,48
49,57
89,96
22,22
4,8
284,335
505,520
190,207
146,157
169,194
252,267
134,146
55,59
5,6
122,157
190,232
126,147
211,217
454,517
480,512
442,463
83,116
16,17
510,513
148,199
102,107
767,897
257,367
34,48
156,174
200,273
13,15
23,29
220,234
202,304
240,291
124,136
139,142
3,3
787,844
93,129
57,69
67,76
182,215
151,157
9,11
35,47
1,1
32,35
164,232
5,5
171,179
141,297
253,281
63,72
27,40
230,239
42,43
3,5
177,191
202,281
117,151
16,19
220,232
11,15
330,550
137,179
401,414
85,95
282,499
108,153
107,140
6,6
111,141
62,63
1,2
207,213
142,146
8,8
395,470
564,641
571,613
206,222
5,6
149,168
19,22
106,113
39,48
240,254
287,304
22,28
148,154
73,74
252,382
400,666
5,6
222,259
486,576
371,392
6,10
146,186
207,234
101,114
15,24
153,179
363,365
23,43
286,450
33,33
135,151
547,564
198,243
38,38
10,14
180,276
115,145
47,50
9,10
66,86
54,74
37,46
178,220
95,105
65,71
300,541
114,167
189,280
17,19
20,22
15,17
163,217
145,171
149,206
5,6
137,141
17,18
28,45
150,177
121,147
204,234
16,16
137,240
368,395
37,42
78,81
205,222
74,92
358,621
246,358
474,538
162,178
62,67
185,256
17,23
229,352
699,805
543,567
108,149
5,6
170,238
332,482
29,29
3,3
176,363
164,204
37,39
284,385
13,14
65,69
546,569
2,3
194,225
549,611
1,1
70,89
164,219
104,126
6,6
7,7
68,70
258,445
470,487
132,206
288,436
96,164
10,13
243,256
88,102
27,39
59,64
335,395
28,38
193,256
179,339
19,23
298,349
2,2
187,374
49,50
1,1
136,172
13,15
216,253
7,7
253,331
108,109
110,129
2,3
4,5
21,25
87,98
95,146
177,287
3,4
14,17
5,6
32,38
77,104
94,104
187,225
186,299
306,351
171,260
50,64
150,222
35,36
231,294
288,312
161,234
169,175
110,148
17,28
98,111
178,190
165,203
110,112
329,554
2,5
47,60
172,349
100,121
166,197
118,147
26,28
580,609
180,210
499,540
17,19
30,32
491,729
166,240
24,25
209,370
43,46
31,37
10,12
26,30
50,53
114,120
151,174
105,138
311,334
103,129
44,52
192,271
125,167
605,641
174,419
107,180
138,151
51,67
100,116
447,513
93,109
4,11
3,3
106,110
24,29
111,164
261,272
3,3
346,444
341,404
217,311
536,593
93,104
84,92
108,145
197,199
5,6
42,85
148,170
176,199
12,13
157,174
156,204
3,4
85,110
210,296
171,221
65,90
292,525
217,321
139,171
57,61
67,69
207,228
765,827
49,52
248,282
149,157
356,419
102,130
134,175
8,8
224,258
133,150
199,220
4,5
70,83
221,317
11,25
222,303
2,2
135,186
34,38
437,527
171,199
282,372
241,297
193,232
51,67
212,238
264,309
252,392
41,41
75,88
2,2
12,16
172,224
10,10
151,217
50,61
5,10
105,151
204,300
189,235
255,304
150,191
61,62
219,315
108,122
101,134
305,308
335,370
6,7
52,56
59,61
132,152
39,49
96,115
29,37
247,329
88,154
241,280
342,413
95,135
84,84
5,6
53,66
369,454
81,98
347,403
112,157
17,25
484,508
34,39
347,383
22,30
9,32
119,193
280,394
306,331
677,779
177,224
29,30
656,687
26,41
229,280
498,566
176,223
162,185
209,248
115,153
161,167
711,745
92,129
180,210
157,165
10,18
58,70
71,99
42,44
139,191
32,36
13,20
102,103
557,585
13,14
198,209
3,4
240,267
36,38
137,151
260,310
30,34
497,530
23,23
318,407
694,743
208,306
19,23
186,262
2,8
242,254
110,123
97,144
214,465
149,305
6,6
188,219
41,56
213,273
61,67
176,213
440,449
361,372
28,28
312,387
80,103
247,331
246,312
7,10
31,42
470,553
82,117
13,17
33,33
389,493
333,353
284,556
383,433
5,19
2,2
5,7
4,5
468,508
1,1
369,591
197,230
329,354
24,25
11,15
130,204
118,120
73,90
234,379
108,222
10,11
248,281
143,187
253,308
31,37
210,447
80,101
94,124
101,102
27,33
6,7
314,419
2,3
2,3
163,167
362,372
338,472
178,190
98,108
133,157
256,305
5,5
114,135
235,392
82,146
4,5
39,42
238,248
102,108
64,88
115,139
16,17
54,59
98,129
64,79
234,263
179,229
111,169
31,36
57,67
383,628
291,351
88,107
164,199
6,8
417,441
5,6
227,276
103,121
278,280
174,235
404,417
388,420
101,112
223,342
233,316
192,223
182,253
318,336
393,410
107,110
183,203
95,150
253,328
18,18
6,7
98,120
350,386
101,118
299,473
89,98
92,95
14,15
4,6
223,238
2,2
101,111
98,98
99,107
57,65
134,146
26,28
124,163
317,455
22,40
88,106
20,31
5,5
165,170
6,8
437,454
149,182
156,222
9,12
253,405
13,13
131,167
232,288
171,198
74,93
531,640
119,142
94,128
78,92
247,261
9,11
6,6
347,356
48,65
5,5
163,182
274,313
11,11
557,635
61,86
234,339
141,155
169,181
52,60
142,177
3,9
251,292
127,170
6,7
64,74
29,31
8,12
164,195
338,391
90,121
437,626
321,362
188,296
640,672
151,197
61,65
213,264
2,2
55,58
422,438
90,102
127,163
146,200
514,559
137,180
343,382
448,465
5,8
227,315
142,175
7,13
6,6
117,117
118,127
229,234
121,122
789,901
22,23
18,28
27,30
132,194
184,259
208,277
82,100
161,188
135,177
150,214
46,49
273,335
11,15
29,30
31,31
6,6
11,12
95,98
9,16
59,59
193,240
123,131
256,262
28,29
119,153
8,8
80,89
442,488
233,274
786,878
45,59
136,196
5,14
16,19
150,165
112,122
85,123
122,159
36,43
135,139
323,363
41,55
94,119
6,6
510,588
130,160
282,318
438,523
314,554
25,30
70,77
24,25
31,46
49,57
49,51
31,34
220,264
178,195
184,191
214,274
146,154
20,21
87,90
450,760
42,57
26,28
67,84
120,144
5,5
381,743
510,586
54,58
75,102
306,418
3,3
120,138
108,146
5,5
98,105
84,105
3,3
97,134
53,72
302,324
127,141
307,576
144,162
173,238
217,278
34,34
111,148
231,261
213,358
281,318
277,297
37,39
3,14
217,265
160,221
63,118
166,181
268,316
193,211
39,41
100,142
11,11
182,271
462,480
193,224
5,6
719,750
273,279
2,2
71,101
355,382
246,262
43,47
164,214
39,41
197,231
43,45
653,702
767,877
98,99
95,113
12,15
3,4
49,56
98,134
73,82
191,259
37,40
270,350
55,69
201,388
33,36
121,164
20,26
316,377
15,22
160,236
73,77
9,10
61,73
156,189
130,142
97,134
576,605
5,5
134,193
2,3
65,78
206,244
6,8
191,311
6,8
193,207
151,152
354,384
4,6
32,34
47,49
110,124
5,5
6,8
233,256
58,72
17,17
275,420
187,256
53,62
9,9
414,594
70,80
5,6
58,86
62,90
67,79
25,30
146,222
10,12
50,59
51,80
343,495
48,67
71,72
32,47
762,870
375,427
7,10
108,148
320,349
6,6
7,7
248,325
83,88
556,592
15,16
289,472
514,564
144,161
6,6
63,71
257,276
248,306
328,360
168,176
3,3
307,326
100,121
68,100
46,57
67,68
134,196
5,5
10,17
36,36
343,355
73,118
17,19
14,17
241,330
126,177
211,237
155,191
33,49
197,230
199,205
4,5
269,330
119,163
118,148
38,43
9,13
318,501
1,2
356,512
91,96
230,294
330,343
112,130
12,19
691,791
1,1
305,543
8,9
181,310
253,260
189,224
244,360
37,41
20,30
2,2
144,174
10,13
212,245
167,170
227,337
38,56
351,374
433,783
111,152
9,10
46,51
483,525
18,20
64,97
314,500
566,642
380,555
603,678
260,402
94,95
1,1
65,72
98,157
13,22
295,311
342,654
69,83
29,31
168,187
21,24
32,33
5,5
114,150
110,114
137,244
286,355
408,437
267,341
137,209
10,11
20,28
80,95
618,655
176,229
118,126
130,185
205,237
3,3
50,60
29,40
104,215
7,8
98,116
582,592
112,127
122,166
2,2
51,53
360,466
110,118
295,409
26,26
349,408
22,22
447,467
153,192
231,308
76,88
262,323
10,10
8,9
125,154
371,465
262,301
474,515
6,9
67,94
603,630
41,54
50,67
10,10
376,465
21,26
516,570
217,363
11,12
282,302
21,21
196,224
467,522
133,167
250,333
221,326
150,187
4,6
29,42
408,421
547,610
41,42
3,3
49,54
212,281
91,101
80,80
148,168
652,668
50,57
3,3
2,4
247,283
20,22
3,4
42,46
225,250
347,434
97,120
138,180
498,525
360,373
332,546
531,554
190,254
359,372
101,203
9,21
38,44
101,121
131,210
556,584
100,118
257,402
206,265
716,823
6,9
6,10
1,1
164,197
165,196
6,8
237,310
196,262
17,20
211,269
35,41
158,233
3,5
156,196
17,17
14,14
11,13
76,119
363,632
206,212
1,1
1,1
270,404
14,14
171,234
97,109
91,127
149,239
133,175
11,13
318,392
54,62
111,133
17,21
155,163
472,537
77,130
1,1
38,39
121,149
252,287
144,178
8,11
242,338
492,548
6,7
13,13
215,233
23,26
14,16
128,185
119,120
11,11
206,317
155,215
234,249
260,336
188,317
242,263
187,249
105,121
352,365
582,622
318,334
393,415
39,39
205,375
26,35
72,75
156,168
95,98
48,49
179,210
232,252
105,124
1,1
170,201
236,243
44,49
108,136
876,953
43,52
101,135
10,13
53,63
4,7
59,78
206,254
124,184
1,1
72,121
308,374
81,95
130,154
375,448
2,4
6,14
163,231
229,234
636,668
186,247
600,643
126,184
4,6
7,8
758,822
38,41
740,842
179,273
1,1
208,249
4,4
125,147
155,193
156,211
175,234
158,237
652,689
285,288
26,34
6,6
11,14
104,106
734,868
86,114
328,374
68,75
537,633
8,14
49,59
98,109
244,370
165,196
78,86
264,373
142,178
55,56
60,82
102,108
7,7
50,66
664,679
30,34
103,141
21,23
57,84
9,9
98,100
169,232
5,7
62,69
58,73
208,273
94,121
119,168
129,170
313,347
221,333
459,493
4,5
101,107
181,194
11,11
153,159
288,320
113,154
130,135
204,214
58,58
166,200
3,9
1,1
265,413
0,1
25,29
286,310
43,48
28,33
465,471
11,11
302,342
28,29
7,7
230,272
36,40
57,64
31,31
136,180
22,28
6,6
177,226
370,410
33,36
206,207
9,11
71,87
14,15
192,398
264,397
5,5
95,150
166,202
161,213
3,8
485,558
114,169
188,204
8,8
134,198
71,99
229,244
228,268
97,121
107,112
22,24
2,3
14,21
67,72
139,149
597,627
88,125
15,18
13,16
202,279
198,224
63,73
190,337
7,7
107,113
134,145
38,40
4,4
3,5
7,13
668,693
7,13
29,42
56,70
245,363
6,7
65,75
40,54
61,78
10,13
257,363
95,101
234,246
112,117
5,5
315,499
6,8
240,320
178,223
329,556
23,30
60,76
53,59
89,113
73,90
248,295
391,419
1,3
91,99
46,58
1,1
711,814
173,222
34,36
186,233
64,71
13,14
92,122
36,36
144,151
18,28
10,10
79,80
256,274
99,146
6,14
5,6
56,70
133,137
64,77
94,140
110,155
187,318
30,48
163,230
230,307
278,333
57,74
262,359
56,61
515,597
133,146
216,293
16,17
2,2
80,86
192,209
107,110
198,255
3,3
451,517
33,36
192,256
4,5
107,158
54,72
202,260
226,287
30,32
467,478
333,343
65,89
0,4
4,6
239,285
169,200
116,122
186,203
89,161
368,420
198,211
18,23
72,81
239,276
27,33
68,72
10,12
36,39
159,213
5,7
464,519
59,86
48,61
160,223
105,136
171,198
190,198
5,7
126,134
163,216
251,296
35,42
256,315
203,236
211,326
112,117
225,303
198,239
1,1
2,4
397,413
184,313
10,13
7,7
5,7
226,282
270,337
183,198
39,46
311,642
5,11
31,43
3,3
137,156
439,675
51,60
277,342
270,312
209,229
122,129
4,5
39,45
94,107
436,504
145,159
11,13
336,376
464,567
173,226
133,146
46,50
490,553
120,134
235,315
11,15
92,106
458,467
465,532
17,21
114,149
85,112
207,316
9,10
37,38
168,251
177,227
19,23
105,116
278,309
20,20
833,917
387,390
504,523
152,255
67,76
208,246
405,433
183,233
226,404
553,625
254,264
200,282
121,128
121,136
327,355
17,22
19,23
303,321
69,94
347,626
88,114
69,76
86,105
179,206
9,9
105,132
144,152
47,50
63,64
39,79
37,37
211,220
145,170
133,281
233,261
1,3
128,183
233,302
130,214
306,563
230,359
116,178
173,236
1,1
68,85
185,193
230,297
85,121
744,852
54,56
2,4
358,443
503,586
103,136
4,7
286,314
182,261
65,84
150,175
188,239
177,189
316,386
7,9
73,104
57,71
193,317
134,188
44,45
255,367
146,173
121,143
39,40
123,205
243,338
4,4
155,161
7,8
18,18
136,141
85,117
33,33
659,729
126,193
37,38
138,188
142,220
87,109
8,12
152,199
187,256
391,585
183,241
67,81
389,398
178,306
31,37
10,11
42,49
126,141
604,624
10,10
52,93
230,300
72,113
160,228
361,628
580,632
21,21
62,63
89,90
204,289
368,396
28,32
106,143
198,263
70,91
221,238
14,17
266,293
19,31
183,229
354,597
366,369
108,138
33,42
149,167
160,172
302,332
30,40
264,315
3,3
83,91
98,116
234,329
267,359
287,333
486,529
27,28
142,164
193,259
102,121
237,387
12,15
387,478
141,168
10,11
252,351
119,156
139,148
4,6
169,181
83,90
244,376
46,47
507,596
172,181
229,338
90,93
175,241
126,140
1,1
172,247
175,215
277,352
129,163
55,58
279,332
193,201
309,478
200,313
29,35
169,212
5,8
147,157
176,241
237,290
151,241
136,179
94,136
164,169
77,99
34,45
76,110
27,33
109,115
421,468
289,319
170,223
184,259
444,462
149,177
3,3
37,55
264,313
191,245
19,28
134,182
4,5
171,261
14,14
28,31
69,86
652,724
74,76
28,33
32,46
100,105
104,123
61,73
297,321
92,118
226,411
2,2
65,82
291,408
230,261
9,14
21,38
201,253
11,16
76,87
35,44
542,565
7,12
186,214
4,4
3,5
127,182
193,245
7,12
7,7
58,71
461,484
105,117
13,15
30,31
28,30
88,118
115,141
44,48
112,141
173,180
168,217
15,20
412,696
33,35
120,138
6,8
330,616
138,170
452,469
158,171
161,258
162,236
415,440
92,102
33,44
229,241
254,288
369,402
376,389
172,186
249,256
278,573
45,57
661,770
64,69
79,80
4,9
19,20
111,157
7,9
572,693
15,18
2,2
184,263
34,35
111,114
63,84
443,492
189,271
17,18
42,80
213,285
105,115
4,8
175,182
12,13
186,207
20,20
4,4
26,26
4,5
103,142
123,165
68,73
480,493
180,201
180,210
44,45
107,126
147,165
168,177
105,119
37,52
137,215
1,1
178,197
213,315
58,81
314,436
430,446
12,17
378,605
701,754
317,465
205,241
126,128
138,172
378,640
71,84
338,491
577,617
104,110
4,6
243,275
317,367
252,334
304,447
99,181
126,166
398,459
22,26
155,194
677,776
126,174
220,253
9,9
85,107
6,6
60,64
59,67
247,270
205,276
534,604
489,520
26,31
161,172
84,106
52,62
95,102
57,62
328,359
176,179
40,40
112,137
361,452
167,188
87,171
16,16
11,13
176,189
258,371
78,102
102,110
95,109
67,73
196,242
127,131
5,5
40,44
8,17
14,17
28,30
61,81
426,558
362,416
178,190
219,232
78,86
199,233
43,50
64,77
4,6
119,146
174,230
273,330
102,125
233,300
111,159
134,174
102,131
145,180
261,456
113,119
193,300
106,163
241,264
108,110
235,369
142,205
9,11
72,106
217,405
377,410
210,283
733,811
61,71
86,112
117,159
77,99
118,138
163,187
152,202
365,522
41,51
608,639
85,142
287,302
43,46
130,147
101,116
49,50
4,4
34,38
155,164
22,27
178,207
196,326
196,266
29,34
19,30
27,33
19,19
3,3
83,91
182,193
327,341
8,9
187,213
234,251
108,228
244,273
115,165
78,82
184,191
54,67
284,353
228,500
97,114
205,219
18,26
56,57
32,33
50,53
306,372
74,89
8,12
5,5
84,88
216,320
225,270
321,485
117,175
751,858
59,62
293,529
200,204
13,19
124,126
460,489
182,343
134,190
2,2
339,564
216,280
15,15
71,79
11,18
207,279
63,72
228,386
83,94
489,509
53,69
31,34
25,26
23,25
155,171
43,47
95,108
108,120
280,358
292,338
65,95
467,498
189,216
21,28
183,196
341,401
145,152
11,15
64,80
336,374
6,7
104,152
13,19
47,55
88,88
175,211
2,2
4,8
55,69
30,32
88,89
13,13
231,283
200,210
712,772
93,109
104,149
89,137
5,6
156,173
144,156
200,424
130,154
101,103
241,382
6,8
618,698
126,144
35,40
255,331
225,396
239,363
100,103
163,254
329,373
157,180
54,72
148,171
55,60
78,87
304,410
80,104
46,47
71,90
247,256
13,16
151,225
44,49
23,34
3,3
22,25
177,183
32,38
117,154
127,146
22,35
25,29
4,6
194,277
356,406
54,70
4,6
289,300
45,48
141,250
109,137
134,149
165,204
3,4
184,227
35,35
214,447
13,17
147,212
321,388
9,15
85,115
21,22
146,198
316,349
158,180
61,71
129,134
66,80
192,278
250,284
415,456
123,143
533,572
25,29
3,5
36,44
251,383
693,812
283,327
335,527
27,28
161,167
281,353
478,558
50,57
61,64
112,154
29,30
153,269
49,50
189,230
435,668
49,68
351,617
473,484
220,283
106,111
95,106
54,70
41,49
234,333
86,92
5,6
2,2
210,229
20,34
432,462
61,63
265,313
145,168
53,58
42,44
184,188
3,5
110,123
240,251
393,401
72,72
158,208
423,468
34,39
36,42
48,52
3,4
4,8
111,162
25,31
454,563
26,51
408,459
92,102
34,34
109,130
89,120
224,390
197,225
105,133
35,40
506,610
247,299
48,60
2,2
7,14
5,5
1,1
299,377
26,30
36,40
263,347
154,192
246,426
24,26
37,40
129,137
170,248
60,64
28,48
213,235
343,496
182,214
23,29
203,210
152,180
2,2
102,112
45,57
171,269
3,3
412,523
4,4
185,251
57,65
180,236
89,103
48,56
137,175
102,109
157,219
215,228
13,13
620,715
99,124
33,44
80,82
32,36
169,230
132,185
5,5
233,310
625,657
9,10
8,14
153,190
310,315
110,116
25,42
235,410
106,159
50,57
14,20
239,294
85,94
534,566
187,205
4,4
98,106
7,8
3,3
256,305
468,656
89,179
128,153
394,407
172,176
151,231
139,198
177,217
191,316
233,245
35,40
72,90
115,124
45,48
61,65
214,256
480,555
79,85
120,211
42,45
147,173
31,35
149,176
97,147
533,549
16,16
357,395
2,2
113,134
418,433
210,288
5,7
781,809
59,66
146,199
32,33
91,109
509,544
150,177
15,18
87,96
239,286
149,154
53,62
233,272
179,311
121,123
223,278
166,197
93,96
388,450
316,328
19,23
44,55
264,443
3,4
199,283
128,138
147,155
352,362
104,143
65,78
173,221
12,12
225,240
96,115
22,22
7,7
290,321
432,514
5,5
119,124
191,361
2,2
384,404
42,45
169,180
114,129
47,51
106,111
164,177
224,332
56,68
17,19
151,177
436,495
132,172
232,241
2,7
23,33
141,196
32,43
21,32
277,365
205,313
95,125
264,285
107,166
208,222
5,5
54,66
295,365
235,255
9,14
60,65
450,530
309,383
324,504
679,793
190,211
161,223
9,14
670,766
49,55
309,568
5,5
281,316
51,59
183,288
42,43
7,7
206,306
71,78
179,228
3,4
4,7
28,42
9,12
138,189
56,63
31,37
20,23
10,16
74,76
368,438
85,196
28,35
2,2
113,151
63,73
33,44
164,235
16,22
55,58
103,132
71,75
46,47
36,39
28,28
324,617
111,138
20,22
173,182
127,148
193,207
68,77
212,226
68,89
400,686
148,176
459,464
29,29
165,225
240,289
7,8
278,298
241,296
5,5
437,485
6,7
131,136
13,15
383,681
33,39
9,11
21,28
64,69
41,41
79,93
419,509
16,18
102,105
293,318
53,53
94,105
202,283
123,133
154,172
16,21
100,136
235,245
42,51
119,158
41,44
73,88
5,5
236,377
5,5
213,228
50,54
99,102
73,75
211,229
196,247
133,187
282,310
4,5
74,78
64,90
273,464
144,154
72,93
4,5
341,442
9,9
72,81
9,9
573,671
243,268
87,119
228,250
666,692
446,663
96,99
191,245
32,32
174,231
4,6
303,363
3,7
65,94
296,330
134,139
206,228
142,191
205,208
145,173
6,8
185,228
95,157
47,54
73,85
0,2
56,65
4,6
145,153
137,149
40,41
42,44
143,212
125,163
90,95
340,427
165,200
195,312
9,10
102,168
316,435
103,122
112,145
31,32
90,90
331,346
77,123
71,72
27,51
5,6
231,362
2,2
75,76
53,71
11,16
165,200
391,420
95,126
124,152
53,61
203,286
654,801
146,287
15,15
790,872
26,32
24,30
25,37
320,376
83,84
156,197
5,6
119,154
227,286
98,117
109,177
719,852
278,289
17,20
90,90
8,8
24,26
20,21
99,106
130,189
256,428
396,416
165,172
6,6
95,130
61,61
254,356
58,61
15,22
26,45
239,313
35,46
150,177
1,1
348,464
30,48
128,178
216,281
296,337
171,232
223,232
15,24
36,36
174,187
8,11
292,334
228,260
79,95
214,304
121,167
82,117
164,183
2,2
80,96
18,19
14,15
79,96
291,322
91,110
110,127
7,7
118,122
238,302
165,269
9,10
116,142
7,7
159,169
350,383
179,256
610,638
9,9
6,9
173,178
120,144
259,458
215,347
24,31
104,132
8,10
351,558
132,169
338,388
18,18
244,391
174,211
18,29
421,461
120,219
106,134
11,12
132,168
171,246
107,114
486,563
49,57
52,56
1,3
32,35
62,68
131,158
306,329
317,560
20,23
39,44
153,165
53,54
201,281
442,486
4,5
107,126
200,209
99,127
358,380
126,152
1,1
54,70
41,43
5,5
235,286
169,191
66,95
31,41
27,37
237,286
5,5
232,333
2,2
40,45
108,152
80,85
260,274
24,32
113,125
203,258
241,330
28,37
25,27
10,10
129,144
700,785
225,394
17,19
76,95
5,8
50,71
157,198
295,337
277,346
10,11
361,378
208,219
15,19
6,11
28,29
121,156
11,14
17,23
6,10
34,41
270,281
46,52
80,93
191,225
23,29
325,379
187,208
177,206
501,543
186,255
353,380
81,89
53,72
16,17
147,172
3,6
48,60
447,584
114,280
134,170
3,3
397,525
417,516
51,75
252,264
311,322
179,224
17,17
372,660
61,66
302,319
4,4
17,18
7,9
53,59
3,4
52,62
164,165
64,82
156,170
31,37
13,17
13,16
514,604
15,15
150,224
24,28
161,202
458,488
103,127
49,67
79,100
217,360
142,160
16,22
573,585
16,18
341,620
299,321
370,439
75,90
151,221
1,1
181,226
137,190
84,107
200,225
141,157
219,365
16,21
43,44
28,30
467,516
4,5
106,130
354,397
286,328
263,371
47,63
14,16
251,256
1,1
9,9
415,450
60,67
4,5
190,197
115,154
617,650
61,64
242,267
251,322
68,89
201,205
5,5
12,15
235,312
81,107
125,153
70,90
2,4
5,5
155,161
67,78
57,64
478,505
327,338
24,29
337,453
12,12
6,8
27,30
3,4
325,547
136,153
176,209
174,227
80,95
498,568
108,165
325,498
97,130
204,220
140,180
334,447
2,2
281,360
273,356
156,218
142,180
163,202
525,591
18,21
158,195
184,187
2,3
98,114
11,23
292,403
27,29
298,374
29,35
489,498
153,226
86,122
110,117
5,13
145,159
265,361
365,380
220,288
9,12
126,136
258,263
184,198
372,653
8,11
218,228
93,120
10,17
79,94
1,3
170,181
7,8
2,2
74,88
118,136
130,201
49,59
318,351
4,5
114,213
120,136
4,7
181,258
112,127
7,7
74,79
386,421
140,207
240,328
451,646
155,159
301,528
32,32
551,583
4,4
48,68
42,50
228,312
170,196
567,581
137,219
56,60
246,323
275,339
241,329
16,27
4,4
302,338
94,112
127,130
83,90
411,497
109,121
30,38
119,150
117,155
25,27
204,292
95,110
61,76
37,39
177,262
3,3
673,781
58,70
7,7
137,198
340,549
15,15
16,16
11,13
195,225
413,483
172,175
80,80
4,5
155,161
42,45
121,150
92,94
136,153
399,472
30,31
123,186
221,435
466,545
238,316
55,59
151,161
218,377
142,165
69,74
117,148
124,136
38,39
174,186
427,447
11,12
51,52
71,76
50,56
77,147
300,425
3,3
163,186
60,86
787,891
76,95
266,343
37,45
25,39
16,21
225,232
189,305
148,170
260,463
25,30
5,8
164,167
24,26
34,34
114,127
469,536
2,2
14,15
212,385
37,37
7,8
221,309
120,162
216,266
116,138
153,162
125,165
55,60
135,145
4,8
203,261
622,656
212,335
642,676
211,343
495,531
210,221
114,118
57,57
22,22
334,388
3,3
140,143
628,662
334,426
288,311
582,698
98,107
10,10
122,149
28,31
161,189
390,398
383,623
16,31
135,139
97,117
142,185
348,493
38,47
144,147
19,26
191,206
1,2
24,30
11,12
140,172
127,175
186,195
8,8
8,9
6,6
169,259
26,34
115,126
628,738
352,452
287,404
82,83
4,5
306,448
148,325
195,251
6,7
167,173
9,12
189,236
32,34
35,41
85,106
148,208
251,299
5,6
100,126
4,8
35,37
260,300
3,7
97,109
16,19
81,96
313,330
475,536
6,6
708,724
1,1
96,98
264,311
253,283
239,299
209,331
119,141
126,167
216,259
62,72
31,37
10,11
14,21
233,238
48,61
41,43
100,115
101,138
23,25
194,291
298,411
16,18
5,9
99,103
219,222
106,139
251,307
143,187
347,602
23,33
47,58
202,270
414,454
180,208
141,155
6,7
47,55
17,21
368,398
333,400
534,562
6,8
50,60
75,76
323,428
184,275
180,286
155,171
445,513
310,401
140,166
28,31
143,164
4,4
249,369
65,80
216,310
120,187
80,109
44,47
305,342
7,9
244,377
109,128
3,5
7,10
7,7
125,137
98,139
409,418
198,261
127,152
71,90
9,13
120,161
38,42
4,9
99,102
215,248
4,5
39,46
210,268
64,85
92,123
1,2
352,462
20,20
108,128
110,161
356,390
5,5
21,26
2,2
227,235
40,40
121,152
70,104
